Capacity,Condition,Accuracy,Precision,Recall,F1,AUC,Confusion_Matrix
5000,"Normal (20°C,50%)",0.9997,1.0000,0.9994,0.9997,1.0000,"[[5000    0]
 [   3 4997]]"
5000,"0°C,20%",0.9998,1.0000,0.9996,0.9998,1.0000,"[[5000    0]
 [   2 4998]]"
5000,"0°C,95%",0.9998,1.0000,0.9996,0.9998,1.0000,"[[5000    0]
 [   2 4998]]"
5000,"5°C,20%",0.9999,1.0000,0.9998,0.9999,1.0000,"[[5000    0]
 [   1 4999]]"
5000,"5°C,95%",0.9997,1.0000,0.9994,0.9997,1.0000,"[[5000    0]
 [   3 4997]]"
5000,"35°C,20%",0.9996,1.0000,0.9992,0.9996,1.0000,"[[5000    0]
 [   4 4996]]"
5000,"35°C,95%",0.9996,1.0000,0.9992,0.9996,1.0000,"[[5000    0]
 [   4 4996]]"
5000,"40°C,20%",0.9996,1.0000,0.9992,0.9996,1.0000,"[[5000    0]
 [   4 4996]]"
5000,"40°C,95%",0.9997,1.0000,0.9994,0.9997,1.0000,"[[5000    0]
 [   3 4997]]"
