win_idx,label,acc_v,acc_m,acc_u,acc_mv,acc_ds_eq,acc_ds_static,P_v,P_m,P_u
0,0,1.0,0.0,0.5166666666666667,1.0,0.0,0.0,6.830297e-14,0.7844078133613004,0.495400491730872
1,0,1.0,0.0,0.45,0.0,0.0,0.0,4.60884e-09,0.7844078762766425,0.533998764169095
2,0,1.0,0.0,0.5833333333333334,1.0,0.0,0.0,7.9135475e-07,0.7844078762851621,0.44709465934632675
3,0,1.0,0.0,0.5833333333333334,1.0,0.0,0.0,1.4426791e-13,0.7844078762854633,0.4408001569277006
4,0,1.0,0.0,0.55,1.0,0.0,0.0,3.8826445e-10,0.7844078762854483,0.4664320153967008
5,0,1.0,0.0,0.5166666666666667,1.0,0.0,0.0,1.2475863e-05,0.7844078762815029,0.4660471530716245
6,0,1.0,0.0,0.55,1.0,0.0,0.0,8.064925e-15,0.7844073940772422,0.47004997684325794
7,0,1.0,0.0,0.4166666666666667,0.0,0.0,0.0,1.9420299e-09,0.7844078762718105,0.5663546725974183
8,0,1.0,0.0,0.5333333333333333,1.0,0.0,0.0,1.5254674e-14,0.7844078762821913,0.4659414814320661
9,0,1.0,0.0,0.65,1.0,0.0,0.0,0.00034124264,0.7844078762853047,0.41364537603993806
10,0,1.0,0.0,0.48333333333333334,1.0,0.0,0.0,6.574796e-15,0.784407876285234,0.48504720924731254
11,0,1.0,0.0,0.5666666666666667,1.0,0.0,0.0,0.13163678,0.784407875777809,0.48207249211332653
12,0,1.0,0.0,0.65,1.0,0.0,0.0,3.7840304e-11,0.7844078762854034,0.39342182060609476
13,0,1.0,0.0,0.5833333333333334,1.0,0.0,0.0,1.4959161e-07,0.7844078762854617,0.43702563685958157
14,0,1.0,0.0,0.5333333333333333,1.0,0.0,0.0,6.387805e-08,0.7844078762854588,0.48409463583296447
15,0,1.0,0.0,0.45,0.0,0.0,0.0,3.9005812e-12,0.7844078762854573,0.510081335950648
16,0,1.0,0.0,0.5166666666666667,1.0,0.0,0.0,4.3792215e-16,0.7844078762834797,0.48721452397273174
17,0,1.0,0.0,0.55,1.0,0.0,0.0,5.5338966e-14,0.7844078762852036,0.4591973177617436
18,0,1.0,0.0,0.48333333333333334,0.0,0.0,0.0,3.4431935e-10,0.7844078760314352,0.500347105858374
19,0,1.0,0.0,0.55,1.0,0.0,0.0,1.12255284e-13,0.7844078762854643,0.4729896208174841
20,0,1.0,0.0,0.5333333333333333,1.0,0.0,0.0,3.7372336e-12,0.7844078762854495,0.4639147785701466
21,0,1.0,0.0,0.5166666666666667,1.0,0.0,0.0,9.830529e-21,0.7844078762780454,0.4861279653662921
22,0,1.0,0.0,0.6,1.0,0.0,0.0,4.0740008e-14,0.7844078751185545,0.4299403308410063
23,0,1.0,0.0,0.6833333333333333,1.0,0.0,0.0,9.551191e-12,0.7844078762781912,0.37941167446163
24,0,1.0,0.0,0.55,1.0,0.0,0.0,0.00026217633,0.7844078760063137,0.4804349605539995
25,0,1.0,0.0,0.5166666666666667,1.0,0.0,0.0,0.00013153402,0.7844078762854606,0.4566744720331392
26,0,1.0,0.0,0.5333333333333333,1.0,0.0,0.0,4.557235e-11,0.7844078762849579,0.4776266950254281
27,0,1.0,0.0,0.4,0.0,0.0,0.0,8.756345e-06,0.7844078762854646,0.5464003195992709
28,0,1.0,0.0,0.6166666666666667,1.0,0.0,0.0,4.557235e-11,0.7844078762825002,0.43032531384298994
29,0,1.0,0.0,0.5666666666666667,1.0,0.0,0.0,0.00025937232,0.7844078527161101,0.4611755877747899
30,0,1.0,0.0,0.5333333333333333,1.0,0.0,0.0,5.4623284e-05,0.7844078762816039,0.48123214189412666
31,0,1.0,0.0,0.4666666666666667,0.0,0.0,0.0,1.5949056e-14,0.7844078762854577,0.5085220077248682
32,0,1.0,0.0,0.55,1.0,0.0,0.0,0.00018942732,0.784407876285225,0.46410641550729653
33,0,1.0,0.0,0.6,1.0,0.0,0.0,1.0750697e-06,0.7843662280930722,0.45855693199369557
34,0,1.0,0.0,0.4666666666666667,0.0,0.0,0.0,0.0017196236,0.7844078762749539,0.5275399670929162
35,0,1.0,0.23333333333333334,0.5333333333333333,0.0,0.0,0.0,1.1791537e-11,0.7844078762854646,0.612733149857899
36,1,1.0,1.0,1.0,1.0,1.0,1.0,1.0,0.7844078762851119,0.8197984240082862
37,1,0.0,1.0,0.95,1.0,0.0,0.0,3.2858598e-08,0.7844078762852583,0.7760093538069112
38,1,1.0,1.0,0.9333333333333333,1.0,1.0,1.0,0.99921584,0.7844078762841961,0.7840978834676466
39,1,1.0,1.0,0.9666666666666667,1.0,1.0,1.0,1.0,0.7844078762674319,0.8195227538405946
40,1,1.0,1.0,0.9666666666666667,1.0,1.0,1.0,1.0,0.7844078484145965,0.8472322412375435
41,1,1.0,1.0,0.9166666666666666,1.0,1.0,1.0,1.0,0.7844078750237775,0.8292489905435996
42,1,1.0,1.0,0.9166666666666666,1.0,1.0,1.0,1.0,0.7844078708446037,0.8035363553465189
43,1,1.0,1.0,0.9166666666666666,1.0,1.0,1.0,1.0,0.7844078669396307,0.784133170251303
44,1,1.0,1.0,0.9166666666666666,1.0,1.0,1.0,1.0,0.7844078153172755,0.815423367420965
45,1,1.0,1.0,0.9333333333333333,1.0,1.0,1.0,1.0,0.7844078759991862,0.801506469109907
46,1,1.0,1.0,0.95,1.0,1.0,1.0,1.0,0.7844078756669732,0.8078379095319105
47,1,1.0,1.0,0.95,1.0,1.0,1.0,1.0,0.7844078729903816,0.7824251816793129
48,1,1.0,1.0,0.9333333333333333,1.0,1.0,1.0,1.0,0.7844078758664736,0.7802657170896011
49,1,1.0,1.0,0.8833333333333333,1.0,1.0,1.0,1.0,0.7844078698008519,0.827785531103822
50,1,1.0,1.0,1.0,1.0,1.0,1.0,0.9998754,0.7844078758210437,0.8427837856766884
51,1,1.0,1.0,0.9333333333333333,1.0,1.0,1.0,1.0,0.7844078743870536,0.831190503361449
52,1,1.0,1.0,0.95,1.0,1.0,1.0,1.0,0.784180014336044,0.7843409128237426
53,1,1.0,1.0,0.95,1.0,1.0,1.0,1.0,0.7844078760454543,0.7918015570621418
54,1,1.0,1.0,0.8833333333333333,1.0,1.0,1.0,1.0,0.7844045743529992,0.7992546701363347
55,1,1.0,1.0,0.9166666666666666,1.0,1.0,1.0,1.0,0.7844069448912673,0.835325875433267
56,1,1.0,1.0,0.95,1.0,1.0,1.0,1.0,0.7844063983124572,0.800481283058827
57,1,1.0,1.0,0.9666666666666667,1.0,1.0,1.0,1.0,0.7844078744927322,0.8334501607804436
58,1,1.0,1.0,0.9666666666666667,1.0,1.0,1.0,1.0,0.7844078754996148,0.8446683118386272
59,1,1.0,1.0,0.9166666666666666,1.0,1.0,1.0,1.0,0.7844011622591727,0.8080951442398914
60,1,1.0,1.0,0.9666666666666667,1.0,1.0,1.0,0.99948585,0.7844076385806155,0.8675133770134955
61,1,1.0,1.0,0.95,1.0,1.0,1.0,1.0,0.7844078679331514,0.8036514655285459
62,1,1.0,1.0,0.9,1.0,1.0,1.0,1.0,0.7844075966937596,0.7545933348548586
63,1,1.0,1.0,0.95,1.0,1.0,1.0,1.0,0.7844072777142739,0.7714555117969417
64,1,1.0,1.0,0.9333333333333333,1.0,1.0,1.0,1.0,0.7844076277697256,0.8218002839160455
65,1,1.0,1.0,0.95,1.0,1.0,1.0,0.96253335,0.7838817535999536,0.8049721184364638
66,1,1.0,1.0,0.9333333333333333,1.0,1.0,1.0,1.0,0.7844078727343445,0.8153123609970252
67,1,1.0,1.0,0.9,1.0,1.0,1.0,0.9999949,0.7844077231003718,0.7812442610070145
68,1,1.0,1.0,0.9666666666666667,1.0,1.0,1.0,1.0,0.7844057795789574,0.7722980151587683
69,1,1.0,1.0,0.9833333333333333,1.0,1.0,1.0,1.0,0.784407701436476,0.7992206569232466
70,1,1.0,1.0,0.9333333333333333,1.0,1.0,1.0,1.0,0.784407039722024,0.8250968506330414
71,1,1.0,1.0,0.9166666666666666,1.0,1.0,1.0,0.99999964,0.7844076613239258,0.8052598390736866
72,1,1.0,1.0,0.9666666666666667,1.0,1.0,1.0,0.9999999,0.7843952869616405,0.8376811258808484
73,1,1.0,1.0,0.9333333333333333,1.0,1.0,1.0,1.0,0.7844078196468581,0.8304581648708717
74,1,1.0,1.0,0.9666666666666667,1.0,1.0,1.0,0.9997476,0.7844072138989968,0.8385582465931359
75,1,1.0,1.0,0.9333333333333333,1.0,1.0,1.0,0.99999976,0.7843998167702347,0.7762537700800248
76,1,1.0,1.0,0.9333333333333333,1.0,1.0,1.0,0.9999999,0.7844056557776874,0.7872200501217768
77,1,1.0,1.0,1.0,1.0,1.0,1.0,1.0,0.7844077028297646,0.809339966775679
78,1,1.0,1.0,0.9833333333333333,1.0,1.0,1.0,1.0,0.7844077757297073,0.832423102306337
79,1,1.0,1.0,0.95,1.0,1.0,1.0,1.0,0.7844072399631169,0.7965776800331835
80,1,1.0,1.0,0.9166666666666666,1.0,1.0,1.0,0.9995752,0.7844078751901323,0.8415762031288808
81,1,1.0,1.0,0.9833333333333333,1.0,1.0,1.0,0.9751031,0.7844062149732456,0.8337594198796473
82,1,1.0,1.0,0.9833333333333333,1.0,1.0,1.0,1.0,0.7843988979906721,0.8509645744453033
83,1,1.0,1.0,0.9333333333333333,1.0,1.0,1.0,1.0,0.7843869024430056,0.8085163563878794
84,1,1.0,1.0,0.9666666666666667,1.0,1.0,1.0,1.0,0.7844078367466673,0.8590589096201899
85,1,1.0,1.0,0.9333333333333333,1.0,1.0,1.0,0.9999999,0.7843988204480695,0.853415301726774
86,1,1.0,1.0,1.0,1.0,1.0,1.0,1.0,0.7844072312863276,0.8331053398715658
87,1,1.0,1.0,1.0,1.0,1.0,1.0,0.99999917,0.7844015010071347,0.818463929813344
88,1,1.0,1.0,1.0,1.0,1.0,1.0,1.0,0.7844060793818584,0.8097668156363315
89,1,1.0,1.0,0.95,1.0,1.0,1.0,1.0,0.784405950880528,0.7999482463982563
90,1,1.0,1.0,0.9833333333333333,1.0,1.0,1.0,0.9993469,0.7844078542619126,0.8504537199787305
91,1,1.0,1.0,1.0,1.0,1.0,1.0,1.0,0.7844076013380334,0.8463183385026039
92,1,1.0,1.0,0.9833333333333333,1.0,1.0,1.0,0.99995744,0.7844077982402424,0.7948961500479093
93,1,1.0,1.0,0.85,1.0,1.0,1.0,1.0,0.7844081327528222,0.7783879263312029
94,1,1.0,1.0,0.9666666666666667,1.0,1.0,1.0,1.0,0.784407876162197,0.8246703653892093
95,1,1.0,1.0,0.9666666666666667,1.0,1.0,1.0,0.9999341,0.7844078749325232,0.8310289655508749
96,1,1.0,1.0,0.9666666666666667,1.0,1.0,1.0,1.0,0.7844078719022611,0.8008155951050637
97,1,1.0,1.0,0.9333333333333333,1.0,1.0,1.0,1.0,0.7844078673017194,0.7841747477901877
98,1,1.0,1.0,0.95,1.0,1.0,1.0,0.99999917,0.7844078725519119,0.8090072407126517
99,1,1.0,1.0,0.9333333333333333,1.0,1.0,1.0,0.98558575,0.7844927373673501,0.8288485141035814
100,1,1.0,1.0,0.9333333333333333,1.0,1.0,1.0,1.0,0.7844078273452387,0.834154494803561
101,1,1.0,1.0,0.9333333333333333,1.0,1.0,1.0,1.0,0.7844078748969798,0.8242733013962558
102,1,1.0,1.0,0.95,1.0,1.0,1.0,0.99997735,0.7844078761796501,0.8421231160321693
103,1,1.0,1.0,0.9666666666666667,1.0,1.0,1.0,0.99999,0.7844078832748027,0.8323368664811855
104,1,1.0,1.0,0.9166666666666666,1.0,1.0,1.0,1.0,0.7844078587968631,0.8262069374892723
105,1,1.0,1.0,0.9666666666666667,1.0,1.0,1.0,1.0,0.7844078709573875,0.8362140941322355
106,1,1.0,0.9166666666666666,0.8833333333333333,1.0,1.0,1.0,1.0,0.7844078262366534,0.7747090268620865
107,1,1.0,1.0,0.9666666666666667,1.0,1.0,1.0,0.9998969,0.7844031211708473,0.8128494730309016
108,1,1.0,1.0,0.95,1.0,1.0,1.0,0.99999976,0.784407871921261,0.7688848614999986
109,1,1.0,1.0,0.9333333333333333,1.0,1.0,1.0,1.0,0.7844076999447884,0.7884739001140696
110,1,1.0,1.0,0.95,1.0,1.0,1.0,0.99979585,0.7844078748221243,0.8135743923194784
111,1,1.0,1.0,0.9333333333333333,1.0,1.0,1.0,1.0,0.78440783088138,0.751139032577093
112,1,1.0,1.0,0.9666666666666667,1.0,1.0,1.0,1.0,0.7844078462063747,0.8090411207159918
113,1,1.0,1.0,0.9166666666666666,1.0,1.0,1.0,1.0,0.7844054377298714,0.799962451597952
114,1,1.0,1.0,0.95,1.0,1.0,1.0,1.0,0.7844076707804455,0.799006476838135
115,1,1.0,1.0,0.9666666666666667,1.0,1.0,1.0,1.0,0.784407757781017,0.8408492313888949
116,1,1.0,1.0,0.95,1.0,1.0,1.0,0.99995744,0.7844012011918235,0.7990447320390487
117,1,1.0,1.0,0.9166666666666666,1.0,1.0,1.0,0.999992,0.7844044158925464,0.8061363135261976
118,1,1.0,1.0,0.9333333333333333,1.0,1.0,1.0,0.989994,0.7844078526202722,0.7896504677200967
119,1,1.0,1.0,1.0,1.0,1.0,1.0,1.0,0.7844078526120289,0.8161751555213309
120,1,1.0,1.0,0.95,1.0,1.0,1.0,1.0,0.7844077025539724,0.8248405166845186
121,1,1.0,1.0,0.9166666666666666,1.0,1.0,1.0,1.0,0.7844078754131725,0.8073314993012976
122,1,1.0,1.0,0.9666666666666667,1.0,1.0,1.0,1.0,0.7844078762002306,0.8167439116923971
123,1,1.0,1.0,0.8833333333333333,1.0,1.0,1.0,0.9999999,0.7844078761561378,0.8086674147583602
124,1,1.0,1.0,0.9333333333333333,1.0,1.0,1.0,1.0,0.784408100584144,0.808862431371572
125,1,1.0,1.0,1.0,1.0,1.0,1.0,1.0,0.7844078760194092,0.7990141587085746
126,1,1.0,1.0,0.95,1.0,1.0,1.0,1.0,0.7844078744274623,0.8026968354110546
127,1,0.0,1.0,0.9,1.0,0.0,0.0,0.0005523188,0.7844078763160459,0.8110493572233891
128,1,1.0,1.0,0.9833333333333333,1.0,1.0,1.0,1.0,0.7844078762810726,0.8440838413815023
129,1,1.0,0.7666666666666667,0.8666666666666667,1.0,0.0,1.0,0.99999964,0.7844078731881486,0.7136503854465079
130,0,1.0,0.0,0.48333333333333334,0.0,0.0,0.0,5.9520544e-09,0.7844078558875744,0.5076335055442477
131,0,1.0,0.0,0.38333333333333336,0.0,0.0,0.0,2.0980283e-10,0.7844078762847533,0.5797862778698252
132,0,1.0,0.0,0.65,1.0,0.0,0.0,1.10328945e-17,0.7844078762847387,0.39801772077473435
133,0,1.0,0.0,0.4,0.0,0.0,0.0,6.023953e-07,0.7844078762854628,0.5491152751487738
134,0,1.0,0.0,0.6,1.0,0.0,0.0,1.4562819e-12,0.784407762202552,0.4258982325797343
135,0,1.0,0.0,0.6,1.0,0.0,0.0,1.6432259e-09,0.7844078762854555,0.4530227560517099
136,0,1.0,0.0,0.65,1.0,0.0,0.0,0.002255893,0.7844078762854548,0.39404840379359374
137,0,1.0,0.0,0.43333333333333335,0.0,0.0,0.0,7.0411675e-06,0.7844078762834388,0.5540656085975367
138,0,1.0,0.0,0.5166666666666667,1.0,0.0,0.0,1.0535975e-10,0.7844078762854647,0.4864460218639622
139,0,1.0,0.0,0.5833333333333334,1.0,0.0,0.0,2.2413687e-08,0.784407876265706,0.43722287762914175
140,0,1.0,0.0,0.5166666666666667,1.0,0.0,0.0,1.7014532e-15,0.7844078762854442,0.48481340399245204
141,0,1.0,0.0,0.6,1.0,0.0,0.0,1.2115932e-08,0.7844078762125801,0.41534315562313756
142,0,1.0,0.0,0.6166666666666667,1.0,0.0,0.0,4.9609785e-06,0.7844078762842323,0.43800377442741334
143,0,1.0,0.0,0.4166666666666667,0.0,0.0,0.0,4.0167697e-07,0.7844078762854367,0.5553451380805995
144,0,1.0,0.0,0.5333333333333333,1.0,0.0,0.0,4.5469465e-06,0.7844078762744312,0.4709981615889429
145,0,1.0,0.0,0.5833333333333334,1.0,0.0,0.0,7.0803324e-08,0.7844078762854617,0.44363115933510483
146,0,1.0,0.0,0.55,1.0,0.0,0.0,5.545057e-13,0.7844078761792777,0.4785354296613115
147,0,1.0,0.0,0.5333333333333333,1.0,0.0,0.0,9.472206e-11,0.7844078762754393,0.4860231949952775
148,0,1.0,0.0,0.6,1.0,0.0,0.0,3.460291e-14,0.7844078762854553,0.4595218043943096
149,0,1.0,0.0,0.6833333333333333,1.0,0.0,0.0,8.201388e-11,0.7844078759205849,0.39141999668990185
150,0,1.0,0.0,0.6166666666666667,1.0,0.0,0.0,0.0007046491,0.7844078762854287,0.40675189899555575
151,0,1.0,0.0,0.5666666666666667,1.0,0.0,0.0,0.0015205896,0.7844078762854626,0.45257285807492525
152,0,1.0,0.0,0.5666666666666667,1.0,0.0,0.0,1.5105743e-13,0.7844078762847465,0.47009995295397494
153,0,1.0,0.0,0.5833333333333334,1.0,0.0,0.0,0.0003880125,0.7844078762805088,0.4589801449153898
154,0,1.0,0.0,0.5166666666666667,1.0,0.0,0.0,8.022964e-11,0.7844078762852218,0.49523338704639613
155,0,1.0,0.0,0.48333333333333334,1.0,0.0,0.0,1.5321226e-06,0.7844078761409091,0.4905402521985852
156,0,1.0,0.0,0.5833333333333334,1.0,0.0,0.0,0.0001120816,0.7844078762854424,0.44380960869811864
157,0,1.0,0.0,0.4166666666666667,0.0,0.0,0.0,4.336773e-07,0.7844078757059314,0.5570591104024725
158,0,1.0,0.0,0.38333333333333336,0.0,0.0,0.0,0.0007189915,0.7844078762854515,0.5570746517105666
159,0,1.0,0.0,0.4666666666666667,0.0,0.0,0.0,1.5015027e-17,0.7844078762854544,0.5238798021848967
160,0,1.0,0.0,0.48333333333333334,0.0,0.0,0.0,3.8527392e-05,0.7844078751372389,0.503016426315974
161,0,1.0,0.0,0.55,1.0,0.0,0.0,1.1746001e-13,0.7844078762843947,0.4770234350173933
162,0,1.0,0.0,0.5,1.0,0.0,0.0,3.0394486e-07,0.7844078762852789,0.49061680211476855
163,0,1.0,0.0,0.43333333333333335,0.0,0.0,0.0,0.00013153402,0.7844078762854508,0.5200049439836145
164,0,1.0,0.0,0.5,1.0,0.0,0.0,2.8741368e-10,0.7844078746498726,0.4898753992387361
165,0,1.0,0.0,0.48333333333333334,0.0,0.0,0.0,3.6319168e-15,0.7844078762483968,0.5190937708070407
166,0,1.0,0.0,0.5333333333333333,1.0,0.0,0.0,3.7289367e-09,0.7844074381882798,0.48559524058889864
167,0,1.0,0.0,0.5333333333333333,1.0,0.0,0.0,1.007251e-08,0.7844078754922236,0.456920851214797
168,0,1.0,0.0,0.5166666666666667,1.0,0.0,0.0,2.3307767e-10,0.7844078062227382,0.4747071702063426
169,0,1.0,0.0,0.4166666666666667,0.0,0.0,0.0,0.00011234706,0.7844078762854555,0.5382836175517886
170,0,1.0,0.0,0.36666666666666664,0.0,0.0,0.0,5.9520544e-09,0.7844078762746797,0.5636943660746299
171,0,1.0,0.0,0.48333333333333334,0.0,0.0,0.0,1.4374856e-16,0.784407876279335,0.5155750926660844
172,0,1.0,0.0,0.5,1.0,0.0,0.0,3.967782e-17,0.7844078762833326,0.468059329498481
173,0,1.0,0.0,0.5666666666666667,1.0,0.0,0.0,9.472206e-11,0.7844078762829628,0.4589312483938364
174,0,1.0,0.0,0.5,1.0,0.0,0.0,3.7512106e-07,0.7844078762851164,0.4843939241356789
175,0,1.0,0.0,0.45,0.0,0.0,0.0,1.4193037e-15,0.7844078760004254,0.5190866673695637
176,1,1.0,0.9,0.9333333333333333,1.0,1.0,1.0,1.0,0.7844078762851976,0.7980882986756094
177,1,1.0,1.0,0.9666666666666667,1.0,1.0,1.0,1.0,0.7844078762665568,0.8249351650777221
178,1,1.0,1.0,0.9666666666666667,1.0,1.0,1.0,0.9942042,0.7844078762849962,0.8342460318584458
179,1,1.0,1.0,0.95,1.0,1.0,1.0,0.999668,0.7844050854008119,0.8243638212930748
180,1,1.0,1.0,0.9333333333333333,1.0,1.0,1.0,1.0,0.7844078762737058,0.7955058563227441
181,1,1.0,1.0,0.8666666666666667,1.0,1.0,1.0,1.0,0.7844078762853545,0.7553100046650542
182,1,1.0,1.0,0.9833333333333333,1.0,1.0,1.0,1.0,0.7844078762816041,0.8534615229012634
183,1,1.0,1.0,0.9333333333333333,1.0,1.0,1.0,1.0,0.7844078755982525,0.8023766624574827
184,1,1.0,1.0,0.9,1.0,1.0,1.0,1.0,0.7844078762692226,0.7892628808374839
185,1,1.0,1.0,0.9,1.0,1.0,1.0,1.0,0.7844078762851813,0.7865175180799373
186,1,1.0,1.0,0.95,1.0,1.0,1.0,0.9991498,0.7844078762834648,0.8229660288136579
187,1,1.0,1.0,0.95,1.0,1.0,1.0,1.0,0.7844078567934382,0.8139711695114759
188,1,1.0,1.0,0.9166666666666666,1.0,1.0,1.0,0.9999999,0.7844078737086754,0.7997666306390853
189,1,1.0,1.0,0.9833333333333333,1.0,1.0,1.0,1.0,0.7844078762179817,0.8495565837490106
190,1,1.0,1.0,0.9666666666666667,1.0,1.0,1.0,1.0,0.7844074382372577,0.7823659085829415
191,1,1.0,1.0,0.95,1.0,1.0,1.0,1.0,0.7843934418348929,0.8085925763911436
192,1,1.0,1.0,1.0,1.0,1.0,1.0,1.0,0.7843972625572737,0.8323782074910835
193,1,1.0,1.0,0.9833333333333333,1.0,1.0,1.0,0.99999785,0.7844077379002429,0.8191440029493786
194,1,1.0,1.0,0.9666666666666667,1.0,1.0,1.0,0.9985455,0.7844078756554141,0.8411863185800471
195,1,1.0,1.0,0.9166666666666666,1.0,1.0,1.0,0.99999785,0.7844078740003317,0.803192586855399
196,1,1.0,1.0,0.95,1.0,1.0,1.0,1.0,0.7842677852516121,0.795287216476328
197,1,0.0,1.0,0.9833333333333333,1.0,0.0,0.0,0.020824678,0.7844078428704457,0.8529540837112077
198,1,1.0,1.0,0.9833333333333333,1.0,1.0,1.0,1.0,0.7843652709678265,0.7969598448546552
199,1,1.0,1.0,0.9833333333333333,1.0,1.0,1.0,1.0,0.7844070640648885,0.8297694713829972
200,1,1.0,1.0,0.95,1.0,1.0,1.0,0.9988427,0.7844078747061328,0.8282114473008427
201,1,1.0,1.0,0.8833333333333333,1.0,1.0,1.0,1.0,0.7844078733406356,0.8017650306654424
202,1,1.0,1.0,0.95,1.0,1.0,1.0,1.0,0.7844078760340981,0.8425421323106843
203,1,1.0,1.0,0.9666666666666667,1.0,1.0,1.0,1.0,0.7844078762848535,0.7841283129432269
204,1,1.0,1.0,0.9333333333333333,1.0,1.0,1.0,0.99999845,0.7844078761787591,0.7940689350115135
205,1,1.0,1.0,0.9666666666666667,1.0,1.0,1.0,1.0,0.784407876285427,0.7963832135980425
206,1,1.0,1.0,0.9,1.0,1.0,1.0,1.0,0.7844076523942175,0.81768149069463
207,1,1.0,1.0,0.9333333333333333,1.0,1.0,1.0,1.0,0.7844078758490804,0.8186250698186336
208,1,1.0,1.0,0.8833333333333333,1.0,1.0,1.0,1.0,0.7844078758833881,0.818670299348242
209,1,1.0,1.0,0.95,1.0,1.0,1.0,1.0,0.7844078754719706,0.8335458458800904
210,1,1.0,1.0,0.95,1.0,1.0,1.0,0.99974006,0.7844078568610429,0.8323211454144198
211,1,1.0,0.95,0.9166666666666666,1.0,1.0,1.0,1.0,0.7844078762849159,0.7897959352435202
212,0,1.0,0.0,0.55,1.0,0.0,0.0,1.0208433e-09,0.7844078762816762,0.4730694614258848
213,0,1.0,0.0,0.5166666666666667,1.0,0.0,0.0,0.013856988,0.7844078762854256,0.49136095595299484
214,0,1.0,0.0,0.48333333333333334,0.0,0.0,0.0,1.8928635e-10,0.7844078762798392,0.5131274778369236
215,0,1.0,0.0,0.48333333333333334,0.0,0.0,0.0,4.3078585e-06,0.7844078762854539,0.5025642951683691
216,0,1.0,0.0,0.5333333333333333,1.0,0.0,0.0,1.3328137e-08,0.784407875016028,0.4377915110526366
217,0,1.0,0.0,0.45,0.0,0.0,0.0,3.186494e-05,0.784407002390479,0.5150657359689521
218,0,1.0,0.0,0.5166666666666667,1.0,0.0,0.0,1.3749334e-11,0.7844070763492971,0.4899766492800554
219,0,1.0,0.0,0.6,1.0,0.0,0.0,7.0803324e-08,0.7844078756510142,0.45038509872505117
220,0,1.0,0.0,0.48333333333333334,1.0,0.0,0.0,4.723307e-05,0.7844078762851555,0.49432308069651426
221,0,1.0,0.0,0.5333333333333333,1.0,0.0,0.0,2.6429788e-07,0.7844078762854579,0.4597576820344997
222,0,1.0,0.0,0.4,0.0,0.0,0.0,0.000109375,0.7844078762284553,0.5553219811901564
223,0,1.0,0.0,0.4666666666666667,0.0,0.0,0.0,4.0278447e-13,0.7844078761927088,0.5194024437585113
224,0,1.0,0.0,0.43333333333333335,0.0,0.0,0.0,1.9420299e-09,0.7844078762780778,0.5362512827936496
225,0,1.0,0.0,0.65,1.0,0.0,0.0,5.527206e-06,0.7844078762796933,0.4124241757890819
226,0,0.0,0.0,0.65,0.0,0.0,0.0,0.50592554,0.7844078762851396,0.41044329779903
227,0,1.0,0.0,0.4166666666666667,0.0,0.0,0.0,5.3156984e-10,0.7844078762853378,0.532140935451766
228,0,1.0,0.0,0.5666666666666667,1.0,0.0,0.0,2.2629067e-08,0.784407866989188,0.4496250429175051
229,0,1.0,0.0,0.4166666666666667,0.0,0.0,0.0,1.530779e-06,0.784407876222057,0.5540103739218515
230,0,1.0,0.0,0.5333333333333333,1.0,0.0,0.0,6.655668e-13,0.784407876282314,0.45760684275284175
231,0,1.0,0.0,0.5166666666666667,1.0,0.0,0.0,1.8986483e-18,0.7844078762854507,0.49355095705710306
232,0,1.0,0.0,0.5333333333333333,1.0,0.0,0.0,3.6030797e-13,0.7844078762852563,0.4746734968060919
233,0,1.0,0.0,0.6333333333333333,1.0,0.0,0.0,4.1769515e-13,0.7844078762759319,0.41220644558323183
234,1,1.0,0.5,0.7666666666666667,1.0,0.0,1.0,1.0,0.7843921804699187,0.6599056883675793
235,1,1.0,1.0,0.9166666666666666,1.0,0.0,1.0,0.9999999,0.7843975910678243,0.7465260155260601
236,1,1.0,1.0,0.9666666666666667,1.0,1.0,1.0,1.0,0.7844078552241729,0.8284600096591609
237,1,1.0,1.0,1.0,1.0,1.0,1.0,1.0,0.7844078057582746,0.8366279093328096
238,1,1.0,1.0,0.9166666666666666,1.0,1.0,1.0,1.0,0.7844073801910867,0.83173901800067
239,1,1.0,1.0,0.9833333333333333,1.0,1.0,1.0,1.0,0.7844078587621707,0.8414654620398767
240,1,1.0,1.0,0.9333333333333333,1.0,1.0,1.0,1.0,0.7844062678793243,0.8107944964580021
241,1,1.0,1.0,0.9833333333333333,1.0,1.0,1.0,1.0,0.7844077229967771,0.8587629355407013
242,1,1.0,1.0,0.9,1.0,1.0,1.0,1.0,0.784407818224732,0.8116058307287862
243,1,1.0,1.0,0.9666666666666667,1.0,1.0,1.0,1.0,0.7844062228580441,0.8157527525954846
244,1,1.0,1.0,0.9666666666666667,1.0,1.0,1.0,0.99999964,0.7844078040185086,0.797551011868455
245,1,1.0,1.0,0.95,1.0,1.0,1.0,0.9999306,0.7844474357753504,0.830038357311958
246,1,1.0,1.0,0.95,1.0,1.0,1.0,0.9999999,0.7844078733802761,0.8200586122539183
247,1,1.0,1.0,0.9166666666666666,1.0,1.0,1.0,1.0,0.784407849135772,0.762147554015266
248,1,1.0,1.0,0.9166666666666666,1.0,1.0,1.0,1.0,0.7844076421221527,0.7873588196282523
249,1,1.0,1.0,0.95,1.0,1.0,1.0,0.9999999,0.7844077494837888,0.8216413598296095
250,1,1.0,1.0,0.9833333333333333,1.0,1.0,1.0,0.99999976,0.7844078725598124,0.8153133722458604
251,1,1.0,1.0,0.9833333333333333,1.0,1.0,1.0,1.0,0.784407467846931,0.7887895776358979
252,1,1.0,1.0,0.9166666666666666,1.0,1.0,1.0,1.0,0.7844078477215214,0.823306973683935
253,1,1.0,1.0,0.95,1.0,1.0,1.0,1.0,0.7844078620772901,0.8293556551016468
254,1,1.0,1.0,0.9666666666666667,1.0,1.0,1.0,1.0,0.7844092098249582,0.8359630975877742
255,1,1.0,1.0,0.9833333333333333,1.0,1.0,1.0,1.0,0.7844078763302257,0.8569165863337584
256,1,1.0,1.0,0.9333333333333333,1.0,1.0,1.0,0.9999664,0.7844078763108983,0.7907513386902664
257,1,1.0,1.0,0.9666666666666667,1.0,1.0,1.0,0.9999821,0.7844078762854994,0.8799038824851054
258,1,1.0,1.0,0.9166666666666666,1.0,1.0,1.0,0.9999654,0.7844078762922675,0.7807080302720272
259,1,1.0,1.0,0.95,1.0,1.0,1.0,1.0,0.7848208181801087,0.8018931602145932
260,1,1.0,1.0,0.9666666666666667,1.0,1.0,1.0,0.99999976,0.7844078766468416,0.8253286790100351
261,1,1.0,1.0,0.95,1.0,1.0,1.0,1.0,0.784407876578712,0.7982077682647989
262,1,1.0,1.0,0.9166666666666666,1.0,1.0,1.0,0.9999993,0.7844079531421275,0.8126598931688115
263,1,1.0,1.0,0.9666666666666667,1.0,1.0,1.0,1.0,0.784407876163707,0.8276650670783948
264,1,1.0,1.0,1.0,1.0,1.0,1.0,0.9999999,0.7844078767958046,0.8268018627936922
265,1,1.0,1.0,0.9833333333333333,1.0,1.0,1.0,1.0,0.7844078763358194,0.8308537585054487
266,1,1.0,1.0,0.9,1.0,1.0,1.0,0.99999964,0.7844078763083634,0.8093649562726105
267,1,1.0,1.0,0.95,1.0,1.0,1.0,0.9999999,0.7844078770365682,0.7873874782341306
268,1,1.0,1.0,0.9,1.0,1.0,1.0,0.999998,0.7844078763151806,0.798015436040613
269,1,1.0,1.0,0.95,1.0,1.0,1.0,1.0,0.7844079030856349,0.8219094259475329
270,1,1.0,1.0,0.9333333333333333,1.0,1.0,1.0,1.0,0.7844078763000363,0.7691969941103243
271,1,1.0,1.0,0.9333333333333333,1.0,1.0,1.0,1.0,0.7844078768975199,0.7628704791995039
272,1,1.0,1.0,0.9833333333333333,1.0,1.0,1.0,1.0,0.7844078762883585,0.7982191095353148
273,1,1.0,1.0,0.9666666666666667,1.0,1.0,1.0,1.0,0.784407876335987,0.8309816301146973
274,1,1.0,1.0,0.9333333333333333,1.0,1.0,1.0,1.0,0.7844078762712537,0.805626821509398
275,1,1.0,1.0,0.95,1.0,1.0,1.0,0.9751031,0.7844078755216054,0.8001262678483425
276,1,1.0,1.0,0.9666666666666667,1.0,1.0,1.0,0.99999905,0.7844078743864391,0.8280724751770752
277,1,1.0,1.0,0.85,1.0,1.0,1.0,1.0,0.7844078804463978,0.7678029603544566
278,1,1.0,1.0,0.9333333333333333,1.0,1.0,1.0,1.0,0.784407891537244,0.8098736322412916
279,1,1.0,1.0,0.9166666666666666,1.0,1.0,1.0,0.9999869,0.7844078762265613,0.8178363304525494
280,1,1.0,1.0,0.95,1.0,1.0,1.0,1.0,0.7844078758678132,0.826415587514712
281,1,1.0,1.0,0.9666666666666667,1.0,1.0,1.0,1.0,0.7844078662059325,0.8155209743468472
282,1,1.0,1.0,0.95,1.0,1.0,1.0,0.9999999,0.7844078723053389,0.8355934802510837
283,1,1.0,1.0,0.9333333333333333,1.0,1.0,1.0,1.0,0.7844079170847326,0.7620344380830055
284,1,1.0,1.0,0.95,1.0,1.0,1.0,1.0,0.7844078044129181,0.7717676764584094
285,1,1.0,1.0,0.9833333333333333,1.0,1.0,1.0,0.99999976,0.7844075182126351,0.8080458425045958
286,1,1.0,1.0,0.9833333333333333,1.0,1.0,1.0,0.989994,0.7844078723226423,0.8416854785196038
287,1,1.0,1.0,0.9166666666666666,1.0,1.0,1.0,0.99997437,0.7844078770216673,0.8077229015879629
288,1,1.0,0.8666666666666667,0.8666666666666667,1.0,1.0,1.0,0.9988427,0.7844079013942236,0.7570675929464561
289,0,1.0,0.0,0.43333333333333335,0.0,0.0,0.0,5.5224566e-14,0.7844010855320154,0.5326239441782997
290,0,1.0,0.0,0.6166666666666667,1.0,0.0,0.0,6.826237e-13,0.784407876285453,0.4308745406695774
291,0,1.0,0.0,0.6,1.0,0.0,0.0,4.3981336e-11,0.7844078762854555,0.4502963112948765
292,0,1.0,0.0,0.35,0.0,0.0,0.0,3.9005812e-12,0.7844078762854642,0.5692768093009078
293,0,1.0,0.0,0.5666666666666667,1.0,0.0,0.0,1.3328137e-08,0.7844078762854281,0.4525764864134623
294,0,1.0,0.0,0.65,1.0,0.0,0.0,1.5220882e-09,0.7844078762851743,0.4276645575013614
295,0,1.0,0.0,0.5333333333333333,1.0,0.0,0.0,2.3379439e-11,0.784407875919939,0.4864244920907173
296,0,1.0,0.0,0.5166666666666667,1.0,0.0,0.0,8.44915e-11,0.7844078760963025,0.4713311469923109
297,0,1.0,0.0,0.5333333333333333,1.0,0.0,0.0,5.0813915e-12,0.7844078762854622,0.4804216125775346
298,0,1.0,0.0,0.48333333333333334,0.0,0.0,0.0,1.4229347e-09,0.7844078762679013,0.5141686424588156
299,0,1.0,0.0,0.55,1.0,0.0,0.0,0.00025937232,0.7843896096623586,0.4809234335760566
300,0,1.0,0.0,0.55,1.0,0.0,0.0,7.385714e-12,0.7844078762853951,0.47349552510752635
301,0,1.0,0.0,0.43333333333333335,0.0,0.0,0.0,3.14861e-07,0.7844078762007243,0.549811917626367
302,0,1.0,0.0,0.55,1.0,0.0,0.0,2.5762479e-09,0.7844078762852056,0.4679667381484932
303,0,1.0,0.0,0.48333333333333334,0.0,0.0,0.0,1.427739e-12,0.7844078597735814,0.5016156558873666
304,0,1.0,0.0,0.5666666666666667,1.0,0.0,0.0,3.6649993e-15,0.7844078762759679,0.4654272838257563
305,0,1.0,0.0,0.4,0.0,0.0,0.0,1.1188025e-15,0.7844078762512723,0.5649085264306153
306,0,1.0,0.0,0.5833333333333334,1.0,0.0,0.0,1.4701663e-12,0.7844078762854647,0.4671678851195739
307,0,1.0,0.0,0.5833333333333334,1.0,0.0,0.0,1.6268564e-06,0.7844078424183986,0.4364671415299815
308,0,1.0,0.0,0.48333333333333334,0.0,0.0,0.0,1.79535e-10,0.7844078762854647,0.5092488905511927
309,0,1.0,0.0,0.5333333333333333,1.0,0.0,0.0,4.095662e-13,0.7844078762854618,0.47630777068465296
310,0,1.0,0.0,0.5333333333333333,1.0,0.0,0.0,2.5351752e-09,0.7844078762854582,0.4763711362742484
311,0,1.0,0.0,0.5166666666666667,1.0,0.0,0.0,4.3468487e-09,0.7844078761386173,0.48074477269360566
312,0,1.0,0.0,0.55,1.0,0.0,0.0,0.001590558,0.7844078760284481,0.46061477911393134
313,0,1.0,0.0,0.55,1.0,0.0,0.0,8.803899e-05,0.7844078762854381,0.4518956515501826
314,0,1.0,0.0,0.4666666666666667,0.0,0.0,0.0,4.6072955e-08,0.7844078762854618,0.5260005814546316
315,0,1.0,0.0,0.38333333333333336,0.0,0.0,0.0,1.2914328e-08,0.78440787628424,0.5670788724450431
316,0,1.0,0.0,0.6833333333333333,1.0,0.0,0.0,6.965202e-13,0.7844078762854605,0.3935100337777221
317,0,1.0,0.0,0.5333333333333333,1.0,0.0,0.0,3.0300418e-10,0.7844078762854126,0.47264306069365436
318,0,1.0,0.25,0.6,0.0,0.0,0.0,9.3012337e-10,0.784407848079587,0.5531403698417895
319,1,1.0,1.0,0.9666666666666667,1.0,1.0,1.0,1.0,0.7844078657481265,0.8371443489191943
320,1,1.0,1.0,0.9166666666666666,1.0,1.0,1.0,1.0,0.7844056311728695,0.8160095478360682
321,1,1.0,1.0,0.95,1.0,1.0,1.0,1.0,0.7844037820583707,0.7852075147701124
322,1,1.0,1.0,0.95,1.0,1.0,1.0,1.0,0.7843849288932937,0.7932987594714774
323,1,1.0,1.0,0.9666666666666667,1.0,1.0,1.0,1.0,0.7844073949191207,0.8134435642087994
324,1,1.0,1.0,0.9666666666666667,1.0,1.0,1.0,1.0,0.7844051003988525,0.8183530058145464
325,1,1.0,1.0,0.9666666666666667,1.0,1.0,1.0,1.0,0.7844078702969127,0.8195407312199126
326,1,1.0,1.0,0.9166666666666666,1.0,1.0,1.0,1.0,0.7844076656595619,0.799783481174688
327,0,1.0,0.4666666666666667,0.7,0.0,0.0,0.0,0.013181959,0.7844078753557292,0.6290856096497538
328,1,1.0,0.9166666666666666,0.8666666666666667,1.0,1.0,1.0,0.99999964,0.7844067556557036,0.8077249884031688
329,1,1.0,1.0,0.95,1.0,1.0,1.0,0.9755127,0.7844068148442969,0.8080202137625847
330,1,1.0,1.0,0.9166666666666666,1.0,1.0,1.0,1.0,0.7844078630035054,0.761934681020245
331,1,1.0,1.0,0.9333333333333333,1.0,1.0,1.0,0.99999976,0.7844075590804341,0.7868766008640669
332,1,1.0,1.0,0.9166666666666666,1.0,1.0,1.0,1.0,0.7844056813008969,0.767592524336077
333,1,1.0,1.0,0.8833333333333333,1.0,1.0,1.0,1.0,0.7844052088109223,0.7648124994254517
334,1,1.0,1.0,0.9833333333333333,1.0,1.0,1.0,1.0,0.7844077484007547,0.8053160896680513
335,1,1.0,1.0,0.9166666666666666,1.0,1.0,1.0,1.0,0.7844078229568043,0.8215873481137633
336,1,1.0,1.0,0.9666666666666667,1.0,1.0,1.0,1.0,0.7844040749511818,0.8064323587696013
337,1,1.0,1.0,0.9833333333333333,1.0,1.0,1.0,1.0,0.784393595820166,0.8128437094200762
338,1,1.0,1.0,0.9166666666666666,1.0,1.0,1.0,0.99999905,0.7844078373797199,0.7883911243880386
339,1,1.0,1.0,0.9333333333333333,1.0,1.0,1.0,0.9999999,0.7844072093128186,0.8345073423068514
340,1,1.0,1.0,0.95,1.0,1.0,1.0,1.0,0.7844078475266653,0.8284879929340228
341,1,1.0,1.0,1.0,1.0,1.0,1.0,1.0,0.784407876153531,0.8217806543014159
342,1,1.0,1.0,0.9,1.0,1.0,1.0,1.0,0.7844070832961607,0.8111210371865535
343,1,1.0,1.0,0.9666666666666667,1.0,1.0,1.0,1.0,0.7844069908347079,0.8385419048043056
344,1,1.0,1.0,0.9833333333333333,1.0,1.0,1.0,0.99999976,0.7844076041326428,0.8059015482443603
345,0,1.0,0.08333333333333333,0.5333333333333333,0.0,0.0,0.0,5.400171e-10,0.7844078760555587,0.5380896815376744
346,0,1.0,0.0,0.55,1.0,0.0,0.0,1.6920972e-11,0.7844078762854603,0.4646624023731425
347,0,1.0,0.0,0.5,1.0,0.0,0.0,0.07389038,0.7844078760726775,0.4824062417847681
348,0,1.0,0.0,0.55,1.0,0.0,0.0,2.0947694e-10,0.7844078762804599,0.46147791200296023
349,0,1.0,0.0,0.45,0.0,0.0,0.0,2.543979e-11,0.784407876284981,0.5285665862946162
350,0,1.0,0.0,0.4666666666666667,0.0,0.0,0.0,2.2561663e-08,0.7844078440284721,0.5065207437710684
351,0,1.0,0.0,0.6166666666666667,1.0,0.0,0.0,2.3915603e-12,0.7844078762854501,0.41993141666701245
352,0,1.0,0.0,0.4666666666666667,0.0,0.0,0.0,2.772088e-13,0.7844078762849208,0.5075605284660576
353,0,1.0,0.0,0.55,1.0,0.0,0.0,9.845226e-07,0.7844078762635867,0.4408339772812226
354,0,1.0,0.0,0.43333333333333335,0.0,0.0,0.0,6.932944e-07,0.7844078475049723,0.5445801439788591
355,0,0.0,0.0,0.5166666666666667,0.0,0.0,0.0,0.6257733,0.7844078762854643,0.4707342872092724
356,0,1.0,0.0,0.5833333333333334,1.0,0.0,0.0,2.8632356e-15,0.7844078762847497,0.4520662255467617
357,0,1.0,0.0,0.48333333333333334,0.0,0.0,0.0,1.5321226e-06,0.7844078762850845,0.5194373933734516
358,0,1.0,0.0,0.6166666666666667,1.0,0.0,0.0,0.0003419373,0.7844078762849828,0.40655879743684215
359,0,1.0,0.0,0.6,1.0,0.0,0.0,1.0554333e-07,0.784407876285463,0.45204140825854977
360,0,1.0,0.0,0.5833333333333334,1.0,0.0,0.0,7.460765e-09,0.7844078762783556,0.4359810429113011
361,0,1.0,0.0,0.4666666666666667,0.0,0.0,0.0,8.981416e-12,0.7844078455643164,0.5130380903733529
362,0,1.0,0.0,0.55,1.0,0.0,0.0,4.964711e-13,0.7844078752704665,0.4665204281179559
363,0,1.0,0.0,0.5166666666666667,0.0,0.0,0.0,3.6677786e-06,0.7844078762854517,0.5112399938418262
364,0,1.0,0.0,0.55,1.0,0.0,0.0,1.1875579e-09,0.7844078762854484,0.4769215458449329
365,0,1.0,0.0,0.48333333333333334,0.0,0.0,0.0,0.002728088,0.7844078761632349,0.5154556466935698
366,0,1.0,0.0,0.55,1.0,0.0,0.0,4.527628e-12,0.7844078762839338,0.4634079235157252
367,0,1.0,0.0,0.6166666666666667,1.0,0.0,0.0,2.0714004e-09,0.7844078762841943,0.40860291342738003
368,0,1.0,0.0,0.55,1.0,0.0,0.0,1.0892572e-13,0.7844078745817581,0.46530689073188775
369,0,1.0,0.0,0.5333333333333333,1.0,0.0,0.0,3.3841378e-11,0.7844078762573155,0.4895542612378262
370,0,1.0,0.0,0.5666666666666667,1.0,0.0,0.0,1.6363802e-12,0.784407876284663,0.45282662876002744
371,0,1.0,0.0,0.55,1.0,0.0,0.0,1.6920972e-11,0.7844078762824547,0.4647206258727736
372,0,1.0,0.0,0.45,0.0,0.0,0.0,7.0866285e-08,0.7844078762850979,0.5253732872697474
373,0,1.0,0.0,0.5333333333333333,1.0,0.0,0.0,3.525749e-09,0.7844078689392249,0.48217903316914124
374,0,1.0,0.0,0.6,1.0,0.0,0.0,6.491023e-12,0.7844078762670964,0.44977162516842634
375,0,1.0,0.0,0.5166666666666667,1.0,0.0,0.0,1.4778819e-07,0.7844076151651507,0.46980639982658956
376,0,1.0,0.0,0.48333333333333334,0.0,0.0,0.0,0.0075050704,0.7844078762854265,0.5015810522790963
377,0,1.0,0.0,0.4166666666666667,0.0,0.0,0.0,0.00010277936,0.7844078730727622,0.5435414644369452
378,0,1.0,0.0,0.5,1.0,0.0,0.0,4.336773e-07,0.7844078762837063,0.4991314773671746
379,0,0.0,0.0,0.5166666666666667,0.0,0.0,0.0,0.9696407,0.7844078762548913,0.4830531275270314
380,1,1.0,0.65,0.7666666666666667,1.0,0.0,1.0,0.9999157,0.7844078762844281,0.7204776874845477
381,1,1.0,1.0,0.95,1.0,1.0,1.0,1.0,0.784407875235355,0.8128898192139936
382,1,1.0,1.0,0.9666666666666667,1.0,1.0,1.0,1.0,0.7844078762850079,0.7982760038519594
383,1,1.0,1.0,0.9666666666666667,1.0,1.0,1.0,1.0,0.7844078761595309,0.793871553815872
384,1,1.0,1.0,0.9166666666666666,1.0,1.0,1.0,0.99999917,0.784407876271034,0.7933141631936439
385,1,1.0,1.0,0.95,1.0,1.0,1.0,0.9999999,0.7844066634754495,0.8247631960245592
386,1,1.0,1.0,0.9166666666666666,1.0,1.0,1.0,1.0,0.7844078644236077,0.8023455951758793
387,1,1.0,1.0,0.9833333333333333,1.0,1.0,1.0,0.99999905,0.7844078760333174,0.8344237756366161
388,1,1.0,1.0,0.8833333333333333,1.0,1.0,1.0,1.0,0.7844078761782558,0.7668624640183326
389,1,1.0,1.0,0.9666666666666667,1.0,1.0,1.0,1.0,0.7844078701152932,0.8026251550637021
390,1,1.0,1.0,0.95,1.0,1.0,1.0,0.99999976,0.7844071350840657,0.8001176400896377
391,1,1.0,1.0,0.9666666666666667,1.0,1.0,1.0,1.0,0.7844075900429462,0.8361490347612761
392,1,1.0,1.0,0.95,1.0,0.0,0.0,0.70264256,0.7844059737162574,0.8186021705638665
393,1,1.0,1.0,0.9833333333333333,1.0,1.0,1.0,1.0,0.7843983907857244,0.853443358412401
394,1,1.0,1.0,0.95,1.0,1.0,1.0,1.0,0.7844077987195077,0.8208647763762378
395,1,1.0,1.0,0.95,1.0,1.0,1.0,1.0,0.7844076151578053,0.7943954247647224
396,1,1.0,1.0,0.8666666666666667,1.0,1.0,1.0,1.0,0.7844076011439943,0.7608690562166678
397,1,1.0,1.0,0.9333333333333333,1.0,1.0,1.0,0.9999999,0.7842572481146645,0.8180459001434932
398,1,1.0,1.0,0.95,1.0,1.0,1.0,1.0,0.7844022152374887,0.8304635998666412
399,1,1.0,1.0,0.9166666666666666,1.0,1.0,1.0,0.99984896,0.7844076460398992,0.7837657644253064
400,1,1.0,1.0,0.9833333333333333,1.0,1.0,1.0,1.0,0.784407515523803,0.8485004512396122
401,1,1.0,1.0,0.9166666666666666,1.0,1.0,1.0,1.0,0.7844047220196974,0.7623345421466037
402,1,1.0,1.0,0.9666666666666667,1.0,1.0,1.0,0.98770475,0.7844036748167593,0.8415273019129307
403,1,1.0,1.0,0.9666666666666667,1.0,1.0,1.0,0.99948585,0.7844075344500627,0.7998733251546258
404,1,1.0,1.0,1.0,1.0,1.0,1.0,1.0,0.7843619446292792,0.8226570947462787
405,1,1.0,0.9166666666666666,0.9,1.0,1.0,1.0,0.9999306,0.784405816902958,0.7558951177456817
406,1,1.0,1.0,0.95,1.0,1.0,1.0,0.9999316,0.7843752198202086,0.7862340952113166
407,1,1.0,1.0,0.9166666666666666,1.0,1.0,1.0,1.0,0.7844078701253003,0.8405750609496374
408,1,1.0,1.0,0.9666666666666667,1.0,1.0,1.0,1.0,0.784407874351593,0.7866932871562908
409,1,1.0,1.0,0.95,1.0,1.0,1.0,0.9999994,0.784407795389542,0.8127618123376965
410,1,1.0,1.0,0.95,1.0,1.0,1.0,0.9999968,0.7844078557940939,0.7912078920012829
411,1,1.0,1.0,0.9666666666666667,1.0,1.0,1.0,1.0,0.7844078711716475,0.8331434861784991
412,1,1.0,1.0,0.9666666666666667,1.0,1.0,1.0,1.0,0.7844078515169369,0.7869670582569129
413,0,1.0,0.2,0.6,0.0,0.0,0.0,2.951146e-11,0.7844078724961203,0.5440189768966409
414,0,1.0,0.0,0.5333333333333333,1.0,0.0,0.0,8.449353e-16,0.7844078756265023,0.48227012474110903
415,0,1.0,0.0,0.4666666666666667,0.0,0.0,0.0,3.3388237e-10,0.7844078762851073,0.5068123133909767
416,0,1.0,0.0,0.5833333333333334,1.0,0.0,0.0,1.5015027e-17,0.7844078759307956,0.433153840564049
417,0,1.0,0.0,0.5333333333333333,1.0,0.0,0.0,2.4377753e-09,0.7844078762854381,0.4708168526587168
418,0,1.0,0.0,0.5666666666666667,1.0,0.0,0.0,4.7845005e-12,0.7844078762853663,0.4477755421059252
419,0,1.0,0.0,0.48333333333333334,0.0,0.0,0.0,1.0362801e-14,0.7844078762740615,0.5044534648899954
420,0,1.0,0.0,0.5333333333333333,1.0,0.0,0.0,0.22879101,0.7844078762854583,0.45880349550322247
421,0,1.0,0.0,0.5833333333333334,1.0,0.0,0.0,0.009961161,0.7844078742408439,0.4512413645092775
422,0,1.0,0.0,0.5,1.0,0.0,0.0,4.556251e-05,0.7844078762846475,0.48878097849780605
423,0,1.0,0.0,0.55,1.0,0.0,0.0,3.2130995e-08,0.7844078762854385,0.49707204352750534
424,0,1.0,0.0,0.5333333333333333,1.0,0.0,0.0,7.8231706e-09,0.7844078762854423,0.46901595841353694
425,0,1.0,0.0,0.48333333333333334,0.0,0.0,0.0,1.2620446e-06,0.7844078762853647,0.5233254606187503
426,0,1.0,0.0,0.55,1.0,0.0,0.0,3.9702746e-12,0.7844078760674265,0.4697295981907465
427,0,1.0,0.0,0.6166666666666667,1.0,0.0,0.0,6.830297e-14,0.7844078762854647,0.4343973971040497
428,0,1.0,0.0,0.6166666666666667,1.0,0.0,0.0,9.052616e-06,0.7844078762854643,0.4250582402552231
429,0,1.0,0.0,0.5833333333333334,1.0,0.0,0.0,2.9305644e-08,0.784407876285461,0.44233087179026653
430,0,1.0,0.0,0.45,0.0,0.0,0.0,8.277428e-09,0.7844078762437756,0.5376421966072058
431,0,1.0,0.0,0.6,1.0,0.0,0.0,3.5999077e-12,0.7844078762787771,0.4458807772287247
432,0,1.0,0.0,0.4166666666666667,0.0,0.0,0.0,4.2226313e-11,0.784407876285464,0.5558149036829451
433,0,1.0,0.0,0.6,1.0,0.0,0.0,6.5412587e-07,0.7844078762706562,0.4327396190853205
434,0,1.0,0.0,0.5166666666666667,1.0,0.0,0.0,6.3716765e-10,0.7844078762379278,0.4937412303446281
435,0,1.0,0.0,0.4666666666666667,1.0,0.0,0.0,5.218606e-13,0.7844078762854626,0.49976965791504724
436,0,1.0,0.0,0.48333333333333334,0.0,0.0,0.0,4.557235e-11,0.7844078762803853,0.5233233140142433
437,0,1.0,0.0,0.48333333333333334,0.0,0.0,0.0,2.1159445e-13,0.784407874619049,0.5040062447604589
438,0,1.0,0.0,0.5,0.0,0.0,0.0,1.6268564e-06,0.784407876281103,0.5159726968781929
439,0,1.0,0.0,0.55,1.0,0.0,0.0,5.2143158e-05,0.784407876274598,0.46789146299594175
440,0,1.0,0.0,0.6,1.0,0.0,0.0,5.7134133e-07,0.7844078762854646,0.4532522405540186
441,0,1.0,0.0,0.5166666666666667,1.0,0.0,0.0,8.2965766e-11,0.7844078762853921,0.4850563872825898
442,0,1.0,0.0,0.5166666666666667,1.0,0.0,0.0,2.0813102e-08,0.7844078762854646,0.4948449096932979
443,0,1.0,0.0,0.5666666666666667,1.0,0.0,0.0,1.6388322e-08,0.7844078762785343,0.4577580596975468
444,0,1.0,0.0,0.5666666666666667,1.0,0.0,0.0,0.000109375,0.7844078762820373,0.45037846335994886
445,0,1.0,0.0,0.5333333333333333,1.0,0.0,0.0,3.186392e-06,0.7844078762810829,0.4622447800673808
446,0,1.0,0.0,0.55,1.0,0.0,0.0,4.976069e-09,0.784407876276749,0.4403508051003417
447,0,1.0,0.0,0.4166666666666667,0.0,0.0,0.0,0.00042907018,0.7844078762815172,0.54252846847125
448,0,1.0,0.0,0.5166666666666667,1.0,0.0,0.0,0.22879101,0.7844078762851115,0.4753221478511123
449,0,1.0,0.0,0.45,0.0,0.0,0.0,6.394881e-14,0.7844078762822151,0.5338970294557115
450,0,1.0,0.0,0.6,1.0,0.0,0.0,3.967782e-17,0.7844078639209601,0.42756491655791257
451,0,1.0,0.0,0.48333333333333334,0.0,0.0,0.0,3.0540646e-09,0.7844078762849388,0.5085768683272389
452,0,1.0,0.0,0.6833333333333333,1.0,0.0,0.0,7.1884006e-06,0.784407876285464,0.3850613027155642
453,0,1.0,0.0,0.48333333333333334,0.0,0.0,0.0,2.7747212e-14,0.7844078752168128,0.5166126558874174
454,0,0.0,0.0,0.48333333333333334,0.0,0.0,0.0,0.6484307,0.7844078762540148,0.5147724291182613
455,0,1.0,0.0,0.6666666666666666,1.0,0.0,0.0,2.8705172e-09,0.7844078762854536,0.40408824559115447
456,0,1.0,0.0,0.4666666666666667,0.0,0.0,0.0,6.051154e-05,0.7844078442904487,0.515960005365591
457,0,1.0,0.0,0.48333333333333334,0.0,0.0,0.0,7.1695883e-12,0.7844078759967272,0.5047494282660876
458,0,1.0,0.0,0.38333333333333336,0.0,0.0,0.0,9.288561e-06,0.7844078762853816,0.5598571305128553
459,0,1.0,0.0,0.5833333333333334,1.0,0.0,0.0,2.3028792e-06,0.7844078762850277,0.4544091636117449
460,0,1.0,0.0,0.55,1.0,0.0,0.0,3.6279187e-06,0.7844074956857503,0.4727679107497014
461,0,1.0,0.0,0.45,0.0,0.0,0.0,4.065501e-06,0.7844078371065064,0.5150644114022335
462,0,1.0,0.0,0.5166666666666667,1.0,0.0,0.0,6.6026073e-11,0.7844078762807128,0.49448938021403027
463,0,1.0,0.0,0.5166666666666667,1.0,0.0,0.0,3.8211704e-12,0.784407875524284,0.47440722696554377
464,1,1.0,0.65,0.8,1.0,0.0,1.0,1.0,0.7844078761312775,0.7155325766501789
465,0,1.0,0.48333333333333334,0.7,0.0,0.0,0.0,1.8344363e-05,0.7844078762393935,0.636303263122327
466,0,1.0,0.0,0.48333333333333334,1.0,0.0,0.0,1.851972e-11,0.7844078762833123,0.4992308672001792
467,0,1.0,0.0,0.5833333333333334,1.0,0.0,0.0,3.1115485e-11,0.7844078707250746,0.4694735612675563
468,0,1.0,0.0,0.55,1.0,0.0,0.0,0.0029783696,0.7844078201338635,0.4744567774091
469,0,1.0,0.0,0.5166666666666667,1.0,0.0,0.0,6.3831346e-10,0.7844078762776235,0.47358588832307835
470,0,1.0,0.0,0.45,0.0,0.0,0.0,0.017631881,0.7844078762820658,0.5472825485550473
471,1,1.0,0.9833333333333333,0.9666666666666667,1.0,1.0,1.0,1.0,0.7844038880900762,0.8496493367485568
472,1,1.0,1.0,0.9333333333333333,1.0,1.0,1.0,1.0,0.7843900460739287,0.8188167833415565
473,1,1.0,1.0,0.95,1.0,1.0,1.0,1.0,0.784407758360354,0.8146965696354652
474,1,1.0,1.0,0.9333333333333333,1.0,1.0,1.0,1.0,0.7844029824063881,0.796491179447351
475,1,1.0,1.0,0.9666666666666667,1.0,1.0,1.0,1.0,0.7844078009664205,0.8218097476357709
476,1,1.0,1.0,0.9666666666666667,1.0,1.0,1.0,1.0,0.7844067892314541,0.8301938160069482
477,1,1.0,1.0,0.9333333333333333,1.0,1.0,1.0,1.0,0.7844057250609524,0.8493777655697631
478,1,1.0,1.0,0.9833333333333333,1.0,1.0,1.0,0.9999999,0.7844074875607264,0.8132346417395913
479,1,1.0,1.0,0.9666666666666667,1.0,1.0,1.0,1.0,0.784407862108276,0.8386925027561197
480,1,1.0,1.0,0.9333333333333333,1.0,1.0,1.0,0.99996865,0.784385955178127,0.8232487348953538
481,1,1.0,1.0,0.95,1.0,1.0,1.0,0.9998754,0.7844076088454295,0.8074355998795337
482,1,1.0,1.0,0.9333333333333333,1.0,1.0,1.0,1.0,0.7844076288605603,0.8480570616722413
483,1,1.0,1.0,0.9666666666666667,1.0,1.0,1.0,0.999998,0.7844075535136424,0.8321678600182931
484,1,1.0,1.0,0.95,1.0,1.0,1.0,1.0,0.7844077704319833,0.809594505524353
485,1,1.0,1.0,0.9166666666666666,1.0,1.0,1.0,1.0,0.7842755280558454,0.8221268620704396
486,1,1.0,1.0,0.95,1.0,1.0,1.0,1.0,0.784407774188238,0.8055975599099009
487,1,1.0,1.0,0.9666666666666667,1.0,1.0,1.0,0.99999976,0.7844078639676703,0.852194280958548
488,1,1.0,1.0,0.8833333333333333,1.0,1.0,1.0,1.0,0.7844078755938118,0.7697285282285351
489,1,1.0,1.0,0.9666666666666667,1.0,1.0,1.0,0.9999664,0.7844080358130573,0.8100147249031225
490,1,1.0,1.0,0.95,1.0,1.0,1.0,0.99999964,0.7844078762858137,0.819291877413466
491,1,1.0,1.0,0.9,1.0,1.0,1.0,1.0,0.7844078762886332,0.8230782776364689
492,1,1.0,1.0,0.9333333333333333,1.0,1.0,1.0,1.0,0.7844078786942336,0.7922148510519705
493,1,1.0,1.0,0.95,1.0,1.0,1.0,1.0,0.7844078762914516,0.8027894200559114
494,1,1.0,1.0,0.8833333333333333,1.0,1.0,1.0,0.99999964,0.7844078764779163,0.8168338275145441
495,1,1.0,1.0,0.9333333333333333,1.0,1.0,1.0,0.9999821,0.7844078767940759,0.7989002782348521
496,1,1.0,1.0,0.9,1.0,0.0,0.0,0.81022495,0.7844078762859964,0.810109590279355
497,1,1.0,1.0,0.9333333333333333,1.0,1.0,1.0,1.0,0.7844079192484742,0.8329761882091021
498,1,1.0,1.0,0.95,1.0,1.0,1.0,1.0,0.7844078855536872,0.8128463795302852
499,1,1.0,1.0,0.95,1.0,1.0,1.0,1.0,0.7844169383780143,0.8482527093814257
500,1,1.0,1.0,0.9666666666666667,1.0,1.0,1.0,1.0,0.7844078874944801,0.7701114336222151
501,1,1.0,1.0,0.9666666666666667,1.0,1.0,1.0,0.99999976,0.7844078762857115,0.8401084210165448
502,1,1.0,1.0,1.0,1.0,1.0,1.0,0.97074753,0.784407876285584,0.8684865205933526
503,1,1.0,1.0,0.9333333333333333,1.0,1.0,1.0,1.0,0.784407876286313,0.8225455065501089
504,1,1.0,1.0,0.9666666666666667,1.0,0.0,1.0,0.93085,0.7844103425660206,0.799954645407944
505,1,1.0,1.0,0.8666666666666667,1.0,1.0,1.0,1.0,0.7844078762773136,0.7579486850998441
506,1,1.0,1.0,0.95,1.0,1.0,1.0,0.99999964,0.7844078762373751,0.8269651738028401
507,1,1.0,1.0,0.9666666666666667,1.0,1.0,1.0,1.0,0.7844185373796085,0.8320017087248159
508,1,1.0,1.0,0.9833333333333333,1.0,1.0,1.0,0.9999894,0.7844078754026554,0.825768103458533
509,1,1.0,1.0,0.9833333333333333,1.0,1.0,1.0,0.99999404,0.78440789292248,0.8083892649610476
510,1,1.0,1.0,0.9666666666666667,1.0,1.0,1.0,1.0,0.7844078738074143,0.8339249443653106
511,1,1.0,1.0,0.9,1.0,1.0,1.0,1.0,0.7844078738059089,0.8067982667688125
512,1,1.0,1.0,0.9833333333333333,1.0,1.0,1.0,1.0,0.7844078717404152,0.8226574596518701
513,1,1.0,1.0,0.9666666666666667,1.0,1.0,1.0,1.0,0.7844078761684372,0.8157610768973186
514,1,1.0,1.0,0.9333333333333333,1.0,1.0,1.0,1.0,0.78443057772311,0.8478877460360792
515,1,1.0,1.0,0.9666666666666667,1.0,1.0,1.0,1.0,0.7844078739212963,0.8359444228221248
516,1,1.0,1.0,0.9166666666666666,1.0,1.0,1.0,0.99996126,0.7844078837427778,0.8281048732453853
517,1,1.0,1.0,0.95,1.0,1.0,1.0,1.0,0.7844078758553479,0.7847181835474927
518,1,1.0,1.0,0.9666666666666667,1.0,1.0,1.0,1.0,0.7844077962128618,0.7865485812119258
519,1,1.0,1.0,0.9166666666666666,1.0,1.0,1.0,0.99999917,0.7844078731099646,0.8013048414174104
520,1,1.0,1.0,0.9333333333333333,1.0,1.0,1.0,1.0,0.784407198067795,0.8155250427516989
521,1,1.0,1.0,0.9333333333333333,1.0,1.0,1.0,1.0,0.7844078724997099,0.8166697873319292
522,1,1.0,1.0,0.9166666666666666,1.0,1.0,1.0,1.0,0.7844075256894931,0.8121398423648641
523,1,1.0,1.0,0.95,1.0,1.0,1.0,0.99965096,0.7844078325438136,0.7778240850688513
524,1,1.0,1.0,0.9833333333333333,1.0,1.0,1.0,1.0,0.784407760879361,0.8174635506908249
525,1,1.0,1.0,0.9666666666666667,1.0,1.0,1.0,1.0,0.7844078753879554,0.8010876785400913
526,1,1.0,1.0,0.9666666666666667,1.0,1.0,1.0,0.99760026,0.784324665438944,0.8338156805343216
527,1,1.0,1.0,0.9666666666666667,1.0,1.0,1.0,1.0,0.7844078619061998,0.8352041368380348
528,1,1.0,1.0,0.9666666666666667,1.0,0.0,0.0,0.81022495,0.7844046944384014,0.8050003000636038
529,1,1.0,1.0,0.9666666666666667,1.0,1.0,1.0,0.99999917,0.784403906022977,0.8209450699547265
530,1,1.0,1.0,0.95,1.0,1.0,1.0,0.98645836,0.7844075756241041,0.8065478250436013
531,1,1.0,1.0,0.9833333333333333,1.0,1.0,1.0,0.9997609,0.7844046895791185,0.8274876926122843
532,1,1.0,1.0,0.9666666666666667,1.0,1.0,1.0,1.0,0.78439980749195,0.7670641324233973
533,1,1.0,1.0,0.9666666666666667,1.0,1.0,1.0,1.0,0.7844037029298673,0.8179818423480009
534,1,1.0,1.0,0.9666666666666667,1.0,1.0,1.0,0.9999975,0.7844078755792296,0.8105852918973123
535,1,1.0,1.0,0.95,1.0,1.0,1.0,0.99999607,0.7844078142845377,0.8309631047890679
536,1,1.0,1.0,0.9333333333333333,1.0,1.0,1.0,1.0,0.7844256837813608,0.8299336016502115
537,1,1.0,1.0,0.9333333333333333,1.0,1.0,1.0,1.0,0.7844077895885532,0.792375207181255
538,1,1.0,1.0,0.95,1.0,1.0,1.0,1.0,0.7844070108581115,0.7884510342485823
539,1,1.0,1.0,0.9666666666666667,1.0,1.0,1.0,0.9882736,0.78440470428483,0.8468495397551096
540,1,1.0,1.0,0.9666666666666667,1.0,1.0,1.0,1.0,0.7844078432483969,0.8731501325049216
541,1,1.0,1.0,0.9833333333333333,1.0,0.0,1.0,0.8731331,0.7844069373540298,0.8247626461494525
542,1,1.0,1.0,0.9666666666666667,1.0,1.0,1.0,1.0,0.7844078401039059,0.8171701870544017
543,1,1.0,1.0,0.9,1.0,1.0,1.0,0.9999999,0.7844077877134463,0.8276841966821206
544,1,1.0,1.0,0.9833333333333333,1.0,1.0,1.0,0.9985708,0.7844077869045728,0.8084860197700043
545,1,1.0,1.0,0.9166666666666666,1.0,1.0,1.0,0.9982882,0.7844078744039087,0.7932754273812618
546,1,1.0,1.0,0.95,1.0,1.0,1.0,1.0,0.7844078753474096,0.8364627888735714
547,1,1.0,1.0,0.9833333333333333,1.0,1.0,1.0,0.99999774,0.7844078372510047,0.8284647639213365
548,1,1.0,1.0,0.9666666666666667,1.0,1.0,1.0,1.0,0.7844078501797085,0.8347346598793547
549,1,1.0,1.0,0.9166666666666666,1.0,1.0,1.0,0.99974006,0.7844077827386257,0.7874577230748958
550,1,1.0,1.0,0.95,1.0,1.0,1.0,0.9814633,0.7843981676841513,0.8007439991735991
551,1,1.0,1.0,0.9666666666666667,1.0,1.0,1.0,0.99998236,0.7844075774948066,0.8167566436853834
552,1,1.0,1.0,0.9333333333333333,1.0,1.0,1.0,0.99999964,0.7844078714534656,0.778098705501668
553,1,1.0,1.0,1.0,1.0,1.0,1.0,0.99999607,0.7844076844529498,0.8703428445837342
554,1,1.0,1.0,0.9666666666666667,1.0,1.0,1.0,1.0,0.7844079249514125,0.8337395404953194
555,1,1.0,1.0,0.9,1.0,1.0,1.0,0.99999976,0.7844078671032596,0.7932818665141231
556,1,1.0,1.0,0.9166666666666666,1.0,1.0,1.0,0.9999989,0.7844078762686016,0.7888197839846105
557,1,1.0,1.0,0.95,1.0,1.0,1.0,0.9999999,0.7844069911961152,0.833209164330469
558,1,1.0,1.0,0.9166666666666666,1.0,1.0,1.0,1.0,0.7844061359014857,0.8023668317915323
559,1,1.0,1.0,0.9666666666666667,1.0,1.0,1.0,1.0,0.7844077076395622,0.8360464283728007
560,1,1.0,1.0,0.95,1.0,1.0,1.0,0.99974006,0.784407795071695,0.8093910030124918
561,1,1.0,1.0,0.9666666666666667,1.0,1.0,1.0,1.0,0.7844067041543439,0.7559514143867491
562,1,1.0,1.0,0.9166666666666666,1.0,1.0,1.0,1.0,0.784408379541721,0.815442321299223
563,1,1.0,1.0,0.9166666666666666,1.0,1.0,1.0,0.9999999,0.7844078013944594,0.8156599308700424
564,1,1.0,1.0,0.9666666666666667,1.0,1.0,1.0,0.99999976,0.7844078731318272,0.8504590239185372
565,1,0.0,1.0,0.8833333333333333,1.0,0.0,0.0,0.15768115,0.7844078994567045,0.806835172390205
566,1,1.0,1.0,0.8666666666666667,1.0,1.0,1.0,1.0,0.7844078777734241,0.7873655580138325
567,1,1.0,1.0,0.95,1.0,1.0,1.0,1.0,0.7844078883017847,0.8090023663528056
568,1,1.0,1.0,0.95,1.0,1.0,1.0,0.99951136,0.7844078755693423,0.8067071559699386
569,1,1.0,1.0,0.9833333333333333,1.0,1.0,1.0,1.0,0.7844075147233469,0.8493250816925481
570,1,1.0,1.0,0.9666666666666667,1.0,1.0,1.0,1.0,0.7844063988351191,0.8473168564560097
571,1,1.0,1.0,0.9333333333333333,1.0,1.0,1.0,1.0,0.7844078685396311,0.829673362929745
572,1,1.0,1.0,0.95,1.0,1.0,1.0,1.0,0.7844078690939305,0.8244628429451324
573,1,1.0,1.0,0.9833333333333333,1.0,1.0,1.0,0.9999937,0.7843948111614669,0.8480141971692047
574,1,1.0,1.0,0.95,1.0,1.0,1.0,1.0,0.7844069167815431,0.7893279957224508
575,1,1.0,1.0,0.9666666666666667,1.0,1.0,1.0,1.0,0.7844078753897109,0.8435634744892326
576,1,1.0,1.0,0.9833333333333333,1.0,1.0,1.0,1.0,0.7844076625581706,0.7867070899198089
577,1,1.0,1.0,0.9333333333333333,1.0,1.0,1.0,1.0,0.7844078402258994,0.7946101296445449
578,1,1.0,1.0,0.9833333333333333,1.0,1.0,1.0,1.0,0.7844072760105377,0.8225367095257483
579,1,1.0,1.0,0.9333333333333333,1.0,1.0,1.0,1.0,0.7844078256449383,0.7777088490828813
580,1,1.0,1.0,0.9166666666666666,1.0,1.0,1.0,1.0,0.7844077352103594,0.7954645464469152
581,1,1.0,1.0,0.9833333333333333,1.0,1.0,1.0,1.0,0.7844078461792496,0.7958754189528755
582,1,1.0,1.0,0.95,1.0,1.0,1.0,1.0,0.7844076881225016,0.8472873975513681
583,1,1.0,1.0,0.9166666666666666,1.0,1.0,1.0,1.0,0.7845928336124486,0.7955935197585947
584,1,1.0,1.0,0.9,1.0,1.0,1.0,0.99999845,0.784407876319474,0.7797069590000577
585,0,1.0,0.2,0.6666666666666666,0.0,0.0,0.0,2.923229e-08,0.7844078761110695,0.5328486851130948
586,0,1.0,0.0,0.5666666666666667,1.0,0.0,0.0,9.340226e-07,0.7844078663958131,0.4440294291826392
587,0,1.0,0.0,0.55,1.0,0.0,0.0,1.7014532e-15,0.7844078532544356,0.4681110520311949
588,0,1.0,0.0,0.5333333333333333,1.0,0.0,0.0,4.7845005e-12,0.7844078762854105,0.49356176720722816
589,0,1.0,0.0,0.43333333333333335,0.0,0.0,0.0,1.1883593e-14,0.7844078760400078,0.528023450899908
590,0,1.0,0.0,0.55,1.0,0.0,0.0,3.5222417e-12,0.7844078762852829,0.4645053182428622
591,0,1.0,0.0,0.5666666666666667,1.0,0.0,0.0,7.7352285e-13,0.7844078762854586,0.44972545476314296
592,0,1.0,0.0,0.6166666666666667,1.0,0.0,0.0,4.0740008e-14,0.7844078749643835,0.4289234939690853
593,0,1.0,0.0,0.5666666666666667,1.0,0.0,0.0,1.3714047e-12,0.7844078762853433,0.45390254105838135
594,0,1.0,0.0,0.6,1.0,0.0,0.0,4.8500483e-12,0.7844078760485107,0.42466395365071996
595,0,1.0,0.0,0.5333333333333333,1.0,0.0,0.0,1.3840161e-11,0.7844078762854413,0.46326218304380695
596,0,1.0,0.0,0.5833333333333334,1.0,0.0,0.0,7.85149e-15,0.7844078761684238,0.4565588786962503
597,0,1.0,0.0,0.5333333333333333,1.0,0.0,0.0,0.0017196236,0.7844078495989965,0.4965769073259026
598,0,1.0,0.0,0.4666666666666667,0.0,0.0,0.0,2.0743816e-09,0.7844078509137379,0.5331754648328619
599,0,1.0,0.0,0.5166666666666667,0.0,0.0,0.0,3.1384486e-18,0.7844078762853322,0.5012017911570894
600,0,1.0,0.0,0.48333333333333334,0.0,0.0,0.0,6.8093675e-07,0.7844078762846368,0.5053966915493073
601,0,1.0,0.0,0.5833333333333334,1.0,0.0,0.0,1.0289809e-05,0.7844078762853698,0.45521121825075994
602,0,1.0,0.0,0.5333333333333333,1.0,0.0,0.0,1.3926714e-06,0.7844076010337286,0.48191930649233305
603,0,1.0,0.0,0.55,1.0,0.0,0.0,6.882522e-08,0.7844078762845076,0.4737796907645192
604,0,1.0,0.0,0.5333333333333333,1.0,0.0,0.0,2.4377753e-09,0.7844078762853857,0.47743825424910236
605,0,1.0,0.0,0.5666666666666667,1.0,0.0,0.0,1.0032623e-09,0.7844078757142132,0.46222903761021356
606,1,1.0,0.7833333333333333,0.8666666666666667,1.0,1.0,1.0,0.9997476,0.7844078761170431,0.7697310687482957
607,1,0.0,1.0,0.9166666666666666,1.0,0.0,0.0,0.33733845,0.7844078762853588,0.7667711562977646
608,1,1.0,1.0,0.9333333333333333,1.0,1.0,1.0,0.99604756,0.7844078762852233,0.7908865763912745
609,1,1.0,1.0,0.9833333333333333,1.0,1.0,1.0,1.0,0.7844078762506903,0.7923881003975263
610,1,1.0,1.0,0.9833333333333333,1.0,1.0,1.0,1.0,0.7844078762849631,0.7840439481551551
611,1,1.0,1.0,1.0,1.0,1.0,1.0,0.9997445,0.7844078510303043,0.8315640906955142
612,1,1.0,1.0,0.95,1.0,1.0,1.0,0.99985266,0.7843133912301182,0.7644514178910564
613,0,1.0,0.0,0.55,1.0,0.0,0.0,0.00013153402,0.7844078762850931,0.4745784323100682
614,0,1.0,0.0,0.6,1.0,0.0,0.0,4.7005594e-12,0.7844078762852131,0.453880147520766
615,0,1.0,0.0,0.45,0.0,0.0,0.0,5.6723406e-18,0.784407876285425,0.5190012088854512
616,0,1.0,0.0,0.43333333333333335,0.0,0.0,0.0,2.6429788e-07,0.7844078762774075,0.5365049137320647
617,0,1.0,0.0,0.5,1.0,0.0,0.0,3.669964e-16,0.7844078762778889,0.4949743249542655
618,0,1.0,0.0,0.55,1.0,0.0,0.0,3.283507e-10,0.7844078762853806,0.4528885339336219
619,0,1.0,0.0,0.55,1.0,0.0,0.0,0.0008297387,0.7844078762852853,0.4719460148288764
620,1,1.0,0.9166666666666666,0.8666666666666667,1.0,1.0,1.0,0.9999949,0.7844078630441566,0.7575529256006407
621,1,1.0,1.0,0.9666666666666667,1.0,1.0,1.0,0.9999999,0.7843954381299129,0.8472277912434149
622,1,1.0,1.0,0.9666666666666667,1.0,1.0,1.0,1.0,0.7844047608872875,0.8107940034604039
623,1,1.0,1.0,0.9666666666666667,1.0,1.0,1.0,0.99999976,0.7844077362366585,0.8444063119089512
624,1,0.0,1.0,0.9333333333333333,1.0,0.0,0.0,0.33733845,0.7844041291815134,0.7738882654339375
625,1,1.0,1.0,0.9833333333333333,1.0,1.0,1.0,1.0,0.7844046202574723,0.8547958014845776
626,1,1.0,1.0,0.9333333333333333,1.0,1.0,1.0,1.0,0.7844072895012442,0.7865972195563237
627,1,1.0,1.0,0.8833333333333333,1.0,1.0,1.0,1.0,0.784406951286152,0.7948511913146751
628,1,1.0,1.0,0.8833333333333333,1.0,1.0,1.0,0.999998,0.7844077322087221,0.771596914613309
629,1,1.0,1.0,0.9,1.0,1.0,1.0,0.99811554,0.7844058782543031,0.8030534435179477
630,1,0.0,1.0,0.9666666666666667,1.0,0.0,0.0,0.020824678,0.7843984754133353,0.823030123491177
631,1,1.0,1.0,0.9666666666666667,1.0,1.0,1.0,1.0,0.7844070064774952,0.8150335629104482
632,1,1.0,1.0,0.95,1.0,1.0,1.0,0.99999976,0.7843929053452973,0.8049883965447372
633,1,1.0,1.0,0.95,1.0,1.0,1.0,1.0,0.7844076831950512,0.791893809219748
634,1,1.0,1.0,0.9,1.0,1.0,1.0,0.9999993,0.7844067288148259,0.809758642922194
635,1,1.0,1.0,0.9666666666666667,1.0,1.0,1.0,0.9999306,0.7844076106222035,0.8330037256459061
636,1,1.0,1.0,0.95,1.0,1.0,1.0,1.0,0.7843685915091,0.8346572959617534
637,1,1.0,1.0,0.95,1.0,1.0,1.0,1.0,0.7844078617389946,0.8246200291408573
638,1,1.0,1.0,0.9166666666666666,1.0,1.0,1.0,0.96253335,0.7843981436240434,0.8293120962229203
639,1,1.0,1.0,0.9833333333333333,1.0,1.0,1.0,1.0,0.7844078573860418,0.8186433881752105
640,1,1.0,1.0,0.9166666666666666,1.0,1.0,1.0,1.0,0.7844078312338816,0.7749788484150959
641,1,1.0,1.0,0.9833333333333333,1.0,1.0,1.0,1.0,0.7844078754396986,0.8489617543971131
642,1,1.0,1.0,0.9333333333333333,1.0,1.0,1.0,1.0,0.7844067335421531,0.8016646218411955
643,1,1.0,1.0,0.9,1.0,1.0,1.0,1.0,0.7844070201230751,0.7510079775727494
644,1,1.0,1.0,0.9166666666666666,1.0,1.0,1.0,1.0,0.7844078219342594,0.7943013607348447
645,1,1.0,1.0,0.9333333333333333,1.0,1.0,1.0,1.0,0.784406734326403,0.7568632013738102
646,0,1.0,0.31666666666666665,0.6833333333333333,0.0,0.0,0.0,3.4026912e-06,0.7844078036714658,0.5146891888926716
647,0,1.0,0.0,0.5833333333333334,1.0,0.0,0.0,1.0892572e-13,0.7843915448240484,0.4535070037285954
648,0,1.0,0.0,0.43333333333333335,0.0,0.0,0.0,2.067458e-12,0.7843524664576071,0.5446602048894921
649,0,1.0,0.0,0.4666666666666667,0.0,0.0,0.0,0.4062917,0.7844078758310585,0.5325993813199321
650,0,1.0,0.0,0.4666666666666667,1.0,0.0,0.0,6.4026035e-06,0.7844078762845309,0.49618382925132093
651,0,1.0,0.0,0.5666666666666667,1.0,0.0,0.0,3.428803e-13,0.7844078762854644,0.4432386727596768
652,0,1.0,0.0,0.5,0.0,0.0,0.0,8.4496776e-08,0.7844052254253976,0.5048090460244816
653,0,1.0,0.0,0.48333333333333334,0.0,0.0,0.0,1.24635e-10,0.7844078762529,0.5084974989692002
654,0,1.0,0.0,0.48333333333333334,1.0,0.0,0.0,2.0714004e-09,0.7844078762595376,0.4878787876349412
655,0,1.0,0.0,0.5166666666666667,1.0,0.0,0.0,4.5307536e-09,0.7844078762846355,0.48432468318020117
656,0,1.0,0.0,0.5166666666666667,1.0,0.0,0.0,1.8900619e-05,0.7844078762812323,0.4974095649675234
657,0,0.0,0.0,0.55,0.0,0.0,0.0,0.57096446,0.7844078678882525,0.4635214849640696
658,0,1.0,0.0,0.6833333333333333,1.0,0.0,0.0,6.8066993e-12,0.7844078762854525,0.38186494622213013
659,0,1.0,0.0,0.55,1.0,0.0,0.0,2.1101382e-08,0.7844078762852772,0.46644133287357836
660,0,1.0,0.0,0.5333333333333333,1.0,0.0,0.0,1.6992377e-08,0.7844078762368755,0.4722237776945055
661,0,1.0,0.0,0.7,1.0,0.0,0.0,1.8542546e-12,0.7844078762840867,0.38049859393470487
662,0,1.0,0.0,0.6166666666666667,1.0,0.0,0.0,4.5569535e-09,0.7844078731690955,0.4193914585935808
663,0,1.0,0.0,0.55,1.0,0.0,0.0,4.1887185e-07,0.7844078760418801,0.47560855047710987
664,0,1.0,0.0,0.5833333333333334,1.0,0.0,0.0,7.631714e-11,0.7844078761570472,0.4400236961188478
665,0,1.0,0.0,0.48333333333333334,1.0,0.0,0.0,7.9473794e-10,0.7844078762854646,0.4859591589404127
666,0,1.0,0.0,0.55,1.0,0.0,0.0,1.6295661e-11,0.7844078762854443,0.46642683023393083
667,0,1.0,0.0,0.5166666666666667,1.0,0.0,0.0,0.003939359,0.7844078762854213,0.4822249822511404
668,0,1.0,0.31666666666666665,0.65,0.0,0.0,0.0,2.6429788e-07,0.7844078762854646,0.591836550541186
669,1,1.0,1.0,0.95,1.0,1.0,1.0,0.9999286,0.7844077436469151,0.8046158736585396
670,1,1.0,1.0,0.9166666666666666,1.0,1.0,1.0,1.0,0.7844078762816301,0.7708036390180523
671,1,1.0,1.0,0.9,1.0,1.0,1.0,1.0,0.7844078719613511,0.7949908601944651
672,1,1.0,1.0,0.95,1.0,1.0,1.0,1.0,0.7844078750614369,0.8145045031497792
673,1,1.0,1.0,0.95,1.0,1.0,1.0,1.0,0.7844078762022711,0.8266372003188361
674,1,1.0,1.0,0.9333333333333333,1.0,1.0,1.0,0.9999386,0.7844078762854222,0.768672543504041
675,1,1.0,1.0,0.9333333333333333,1.0,1.0,1.0,1.0,0.7844078762854598,0.7930307877563462
676,1,1.0,1.0,0.9833333333333333,1.0,1.0,1.0,1.0,0.7844078761407022,0.8401155184875212
677,1,1.0,1.0,0.9833333333333333,1.0,1.0,1.0,1.0,0.7844078260122858,0.7819477555073213
678,1,1.0,1.0,0.95,1.0,1.0,1.0,1.0,0.7844077016046516,0.8476037972547236
679,1,1.0,1.0,0.9833333333333333,1.0,1.0,1.0,1.0,0.7844075658354551,0.8475346306409841
680,1,1.0,1.0,0.95,1.0,1.0,1.0,1.0,0.7843643262308219,0.8106823144050419
681,1,1.0,1.0,0.95,1.0,1.0,1.0,1.0,0.7844077442985484,0.7796783803248045
682,1,1.0,1.0,0.9166666666666666,1.0,1.0,1.0,0.99996436,0.7844076665932244,0.8032426772624778
683,1,1.0,1.0,0.9333333333333333,1.0,1.0,1.0,0.9993087,0.7844077312243926,0.7840677422355828
684,1,1.0,1.0,0.9666666666666667,1.0,1.0,1.0,1.0,0.7844076823117749,0.819526743090341
685,1,1.0,1.0,0.95,1.0,1.0,1.0,1.0,0.7844059054121446,0.7865579654080764
686,1,1.0,1.0,0.95,1.0,1.0,1.0,1.0,0.784406443185817,0.7958152174549235
687,1,1.0,1.0,0.9333333333333333,1.0,1.0,1.0,1.0,0.7843953749043215,0.8022368864588998
688,1,1.0,1.0,0.9333333333333333,1.0,0.0,0.0,0.70264256,0.7844028091753792,0.8141007435552242
689,1,1.0,1.0,0.8833333333333333,1.0,1.0,1.0,1.0,0.7844075852009598,0.7613774571032631
690,1,1.0,1.0,0.95,1.0,1.0,1.0,1.0,0.7842951613444011,0.8167370722963555
691,1,1.0,1.0,0.9666666666666667,1.0,1.0,1.0,0.9999869,0.7844077442373416,0.7803533739125366
692,1,1.0,1.0,0.9333333333333333,1.0,1.0,1.0,1.0,0.7844078710816398,0.7827313667778257
693,1,1.0,1.0,0.9333333333333333,1.0,1.0,1.0,1.0,0.7844078749440405,0.8115216782056536
694,0,1.0,0.23333333333333334,0.65,0.0,0.0,0.0,0.28566274,0.7844078762299757,0.5492347945839235
695,1,1.0,0.8666666666666667,0.9333333333333333,1.0,1.0,1.0,1.0,0.7844078762592076,0.753211211568803
696,1,1.0,1.0,0.9666666666666667,1.0,1.0,1.0,0.99989784,0.7844077612353109,0.8408149664544643
697,1,1.0,1.0,0.9166666666666666,1.0,1.0,1.0,1.0,0.7844078758107474,0.7897330909523953
698,1,1.0,1.0,0.9666666666666667,1.0,1.0,1.0,0.9961457,0.7844078759217792,0.8387550792872275
699,1,1.0,1.0,0.9166666666666666,1.0,1.0,1.0,1.0,0.7844078762813038,0.8132559396094958
700,1,1.0,1.0,0.95,1.0,1.0,1.0,0.9999964,0.7844078729126341,0.8478288729008004
701,1,1.0,1.0,0.95,1.0,1.0,1.0,1.0,0.784407876261491,0.8137651648025345
702,1,1.0,1.0,0.9166666666666666,1.0,1.0,1.0,0.99999917,0.7844078659615529,0.8068919438438694
703,1,1.0,1.0,0.9333333333333333,1.0,1.0,1.0,1.0,0.7844078762827806,0.8102561588967847
704,1,1.0,1.0,0.95,1.0,1.0,1.0,1.0,0.7844078662039254,0.8314573043385167
705,1,1.0,1.0,0.9166666666666666,1.0,1.0,1.0,1.0,0.7843988168285211,0.8117868747818069
706,1,1.0,1.0,1.0,1.0,1.0,1.0,1.0,0.7844078259953741,0.8284782178649022
707,1,1.0,1.0,0.95,1.0,1.0,1.0,1.0,0.7844078616687209,0.8266817382085263
708,1,1.0,1.0,0.8666666666666667,1.0,1.0,1.0,1.0,0.784407862417343,0.8231604798367803
709,1,1.0,1.0,0.9333333333333333,1.0,1.0,1.0,0.9999316,0.7844076908590772,0.7980620618290784
710,1,1.0,1.0,0.9666666666666667,1.0,1.0,1.0,0.99999964,0.7844078591775934,0.8206769269819928
711,1,1.0,1.0,0.95,1.0,1.0,1.0,1.0,0.7844078762386907,0.8130179603533667
712,1,1.0,1.0,1.0,1.0,1.0,1.0,1.0,0.7844078745179716,0.8254145689868221
713,1,1.0,1.0,0.9833333333333333,1.0,1.0,1.0,0.99999905,0.7844078328264626,0.8180316809121713
714,1,1.0,1.0,0.9333333333333333,1.0,1.0,1.0,0.9999999,0.7844078709600824,0.7937647149525101
715,1,1.0,1.0,0.9333333333333333,1.0,1.0,1.0,1.0,0.7843678815141287,0.8406100230040962
716,1,1.0,1.0,0.95,1.0,1.0,1.0,0.99999475,0.7844076318636363,0.802386768983012
717,1,1.0,1.0,0.9166666666666666,1.0,1.0,1.0,1.0,0.7844078649753502,0.7960676067554487
718,1,1.0,1.0,0.9666666666666667,1.0,1.0,1.0,0.99999964,0.7844078706486314,0.8116751856490396
719,1,1.0,1.0,0.9333333333333333,1.0,1.0,1.0,1.0,0.7844078759501716,0.8107115792210587
720,1,1.0,1.0,0.9333333333333333,1.0,1.0,1.0,1.0,0.784407716687389,0.791386449346527
721,1,1.0,1.0,0.95,1.0,1.0,1.0,0.9999995,0.7844078718159105,0.8475132264159934
722,1,1.0,1.0,0.9833333333333333,1.0,1.0,1.0,1.0,0.7844042147912766,0.8510185165893113
723,1,1.0,1.0,0.95,1.0,1.0,1.0,1.0,0.7844078760907339,0.8116252952902968
724,1,1.0,1.0,0.9833333333333333,1.0,1.0,1.0,1.0,0.7844078762799719,0.8223754314443854
725,1,1.0,1.0,0.9833333333333333,1.0,1.0,1.0,1.0,0.7844078753693082,0.8294881712977304
726,1,1.0,1.0,0.9833333333333333,1.0,1.0,1.0,0.9999999,0.7844026037784823,0.825184852716749
727,1,1.0,1.0,0.9166666666666666,1.0,0.0,1.0,1.0,0.7844064848068028,0.7065275718306752
728,1,1.0,1.0,0.9333333333333333,1.0,1.0,1.0,1.0,0.7844076816708707,0.8018787743196456
729,1,1.0,1.0,0.9666666666666667,1.0,1.0,1.0,1.0,0.7844064820964615,0.8226174564499255
730,1,1.0,1.0,0.9833333333333333,1.0,1.0,1.0,0.999567,0.7844077155177823,0.794854331123181
731,1,1.0,1.0,0.9833333333333333,1.0,1.0,1.0,1.0,0.7844077716853465,0.8292965622056596
732,1,1.0,1.0,0.9333333333333333,1.0,1.0,1.0,0.97074753,0.7844078443654187,0.8177324166015606
733,1,1.0,1.0,0.95,1.0,1.0,1.0,1.0,0.7844075797351989,0.8881043667615344
734,1,1.0,1.0,1.0,1.0,1.0,1.0,1.0,0.7844078568026246,0.8153530619761653
735,1,1.0,1.0,0.9333333333333333,1.0,1.0,1.0,1.0,0.7844070682684008,0.8077596150224696
736,1,1.0,1.0,0.9333333333333333,1.0,1.0,1.0,0.9999999,0.7844045655277603,0.8473036083145807
737,1,1.0,1.0,0.9666666666666667,1.0,1.0,1.0,1.0,0.7844060538690351,0.8371383101684072
738,1,1.0,1.0,0.9166666666666666,1.0,1.0,1.0,1.0,0.7844074408451632,0.814992050814269
739,1,1.0,1.0,0.95,1.0,1.0,1.0,1.0,0.7844078721674193,0.8109724705288671
740,1,1.0,1.0,0.9666666666666667,1.0,1.0,1.0,0.9999999,0.7844077796802311,0.8453156703965059
741,1,1.0,1.0,0.9666666666666667,1.0,1.0,1.0,1.0,0.7844074901747468,0.8169667053159159
742,1,1.0,1.0,0.95,1.0,1.0,1.0,0.9997961,0.7844078763343892,0.8604973187250439
743,1,1.0,1.0,0.95,1.0,1.0,1.0,1.0,0.7844078762848189,0.8023754360014211
744,1,1.0,1.0,0.9333333333333333,1.0,1.0,1.0,1.0,0.7844078763695937,0.7806811265500875
745,1,1.0,1.0,0.95,1.0,1.0,1.0,0.99985266,0.7844079229121348,0.8308285141295354
746,1,1.0,1.0,0.9833333333333333,1.0,1.0,1.0,1.0,0.7844078768925463,0.8149456598221307
747,1,1.0,1.0,0.95,1.0,1.0,1.0,1.0,0.7844092702763328,0.8230250617314161
748,1,1.0,1.0,0.9166666666666666,1.0,1.0,1.0,1.0,0.7844078762988375,0.8301507833918069
749,1,1.0,1.0,0.95,1.0,1.0,1.0,1.0,0.7844078892283404,0.812686243077226
750,1,1.0,1.0,0.9666666666666667,1.0,1.0,1.0,1.0,0.784407876295393,0.7837500207751587
751,1,1.0,1.0,0.9,1.0,1.0,1.0,1.0,0.7844078762898512,0.8150244944305481
752,1,1.0,1.0,0.95,1.0,1.0,1.0,1.0,0.7844078790523084,0.828860379495958
753,1,1.0,1.0,0.9666666666666667,1.0,1.0,1.0,0.99999905,0.7844078241755842,0.8595180517515153
754,1,1.0,1.0,0.9333333333333333,1.0,1.0,1.0,0.9999995,0.7844078738664967,0.8125108430958096
755,1,1.0,1.0,0.9333333333333333,1.0,1.0,1.0,0.99999976,0.7844078572901168,0.8191106446735451
756,1,1.0,1.0,0.95,1.0,1.0,1.0,0.99999905,0.7844078614018314,0.7981281306819883
757,1,1.0,1.0,0.9833333333333333,1.0,1.0,1.0,1.0,0.784407859644629,0.7587994793073051
758,1,1.0,1.0,0.95,1.0,1.0,1.0,1.0,0.7844073778055992,0.8077916501667913
759,1,1.0,1.0,1.0,1.0,1.0,1.0,1.0,0.7844012922099888,0.7956178324858688
760,1,1.0,1.0,0.9166666666666666,1.0,1.0,1.0,0.9999839,0.7844078723418758,0.7531143959163006
761,1,1.0,1.0,0.9833333333333333,1.0,1.0,1.0,0.9998072,0.7844078385485204,0.784843841475607
762,1,1.0,1.0,0.9666666666666667,1.0,1.0,1.0,1.0,0.7844078444713051,0.8474752500596715
763,1,1.0,1.0,0.9333333333333333,1.0,1.0,1.0,1.0,0.7844078762079791,0.8093497626742343
764,1,1.0,1.0,0.9,1.0,1.0,1.0,0.9988427,0.784408253433041,0.7637237566765508
765,1,1.0,1.0,0.9833333333333333,1.0,1.0,1.0,0.9999548,0.7844078703868911,0.8444419305822392
766,1,1.0,1.0,0.9666666666666667,1.0,1.0,1.0,1.0,0.7844078760287516,0.8182928030139629
767,1,1.0,1.0,0.9166666666666666,1.0,1.0,1.0,1.0,0.7844076431236024,0.7986311016886395
768,1,1.0,1.0,0.9166666666666666,1.0,1.0,1.0,1.0,0.7844077445286103,0.8235486289120986
769,1,1.0,1.0,0.9666666666666667,1.0,1.0,1.0,0.99999976,0.784407570828341,0.8205872920965237
770,1,1.0,1.0,0.8833333333333333,1.0,0.0,1.0,1.0,0.7844078478334929,0.7480257729383726
771,1,1.0,1.0,0.9666666666666667,1.0,1.0,1.0,1.0,0.7844078731240464,0.8662051444293045
772,1,1.0,1.0,0.9166666666666666,1.0,1.0,1.0,1.0,0.7844017738741565,0.8194430299019115
773,1,1.0,1.0,0.9,1.0,1.0,1.0,1.0,0.7844054293895522,0.8301436856955496
774,1,1.0,1.0,1.0,1.0,1.0,1.0,1.0,0.7844048856532801,0.8868386610584751
775,1,1.0,1.0,0.9166666666666666,1.0,1.0,1.0,0.9999654,0.7844077661663781,0.7870154024872813
776,1,1.0,1.0,0.9666666666666667,1.0,1.0,1.0,0.99999976,0.784407849437794,0.8786151061441341
777,1,1.0,1.0,0.95,1.0,1.0,1.0,1.0,0.7844078716015284,0.7938634382712481
778,1,1.0,1.0,0.9833333333333333,1.0,1.0,1.0,0.9999976,0.7843916095503256,0.8585680173845461
779,1,1.0,1.0,0.9166666666666666,1.0,1.0,1.0,1.0,0.7844077636908592,0.7876408122555701
780,1,1.0,1.0,0.9333333333333333,1.0,1.0,1.0,0.99999905,0.7844074691640556,0.8196860315245691
781,1,1.0,1.0,0.9666666666666667,1.0,1.0,1.0,1.0,0.784407871803545,0.8638398482169197
782,1,1.0,1.0,0.9,1.0,1.0,1.0,1.0,0.7843846401921748,0.7877018637209392
783,1,1.0,1.0,0.9666666666666667,1.0,1.0,1.0,1.0,0.7844077665750473,0.7774822158681283
784,1,1.0,1.0,0.9333333333333333,1.0,0.0,0.0,0.5784131,0.7844078751576641,0.8309839794647663
785,1,1.0,1.0,0.95,1.0,1.0,1.0,1.0,0.7844070348188213,0.8348727874574607
786,1,1.0,1.0,0.9166666666666666,1.0,1.0,1.0,1.0,0.7844058170923792,0.8144243111686342
787,1,1.0,1.0,0.9833333333333333,1.0,1.0,1.0,0.9997733,0.7844078352427211,0.8380981410718766
788,1,1.0,1.0,0.9666666666666667,1.0,1.0,1.0,1.0,0.7844075660898334,0.795683345590367
789,1,1.0,1.0,0.95,1.0,1.0,1.0,1.0,0.7844078661158551,0.8133062463032599
790,1,1.0,1.0,0.95,1.0,1.0,1.0,1.0,0.7844078753617743,0.846301893890065
791,1,1.0,1.0,0.9166666666666666,1.0,1.0,1.0,1.0,0.7844077369968869,0.846010075066188
792,1,1.0,1.0,0.9833333333333333,1.0,0.0,0.0,0.5784131,0.7844068179492525,0.8612792241673405
793,1,1.0,1.0,0.9333333333333333,1.0,1.0,1.0,0.961582,0.7844078758108901,0.8248516727749357
794,1,1.0,1.0,0.9333333333333333,1.0,1.0,1.0,1.0,0.7844072181285873,0.8394898517140259
795,1,1.0,1.0,1.0,1.0,1.0,1.0,0.99948585,0.7844074201281738,0.8183481960539291
796,1,1.0,1.0,0.9666666666666667,1.0,1.0,1.0,0.9999989,0.7844046250994612,0.7955985732757547
797,1,1.0,1.0,0.9166666666666666,1.0,1.0,1.0,1.0,0.7844071550989382,0.7853505431499065
798,1,1.0,1.0,0.9166666666666666,1.0,1.0,1.0,1.0,0.7844082296974146,0.7887992705648729
799,1,1.0,1.0,1.0,1.0,1.0,1.0,0.9999893,0.7844078762395151,0.8804493990390735
800,1,1.0,1.0,0.9166666666666666,1.0,1.0,1.0,0.999998,0.7844077919737331,0.7966995870996386
801,1,1.0,1.0,0.9666666666666667,1.0,1.0,1.0,0.9999877,0.7844078564817815,0.814908994575804
802,1,1.0,1.0,0.9666666666666667,1.0,1.0,1.0,1.0,0.7844078739393263,0.821343165331194
803,1,1.0,1.0,0.9833333333333333,1.0,1.0,1.0,0.9988427,0.7844078683328813,0.8313463983083093
804,1,1.0,1.0,0.9833333333333333,1.0,1.0,1.0,1.0,0.7844078673389059,0.8419483392166566
805,1,1.0,1.0,0.9833333333333333,1.0,1.0,1.0,0.959258,0.7844078762509584,0.8402335900744661
806,1,1.0,1.0,0.95,1.0,1.0,1.0,0.9999572,0.7844078759805247,0.8036385885693081
807,1,1.0,1.0,0.9166666666666666,1.0,1.0,1.0,0.99999976,0.784407876255654,0.7921224741239417
808,1,1.0,1.0,0.9,1.0,1.0,1.0,0.99998236,0.7844078762854644,0.822127322643674
809,1,1.0,1.0,0.9166666666666666,1.0,1.0,1.0,0.9999784,0.7844065810755876,0.8160073894975641
810,1,1.0,1.0,0.9666666666666667,1.0,1.0,1.0,1.0,0.7844078594656582,0.812705566018556
811,1,1.0,1.0,1.0,1.0,1.0,1.0,0.9999999,0.7844066608755408,0.8474599006616852
812,1,1.0,0.85,0.8666666666666667,1.0,1.0,1.0,0.99996436,0.7844058231228482,0.7758416651295945
813,0,1.0,0.0,0.5,1.0,0.0,0.0,5.094198e-13,0.7844078751556917,0.49767330896534057
814,0,1.0,0.31666666666666665,0.6833333333333333,0.0,0.0,0.0,2.581867e-08,0.784407876285037,0.5735133366017388
815,1,1.0,1.0,0.9333333333333333,1.0,1.0,1.0,0.9999858,0.7844069760144703,0.779237782011778
816,1,1.0,1.0,0.95,1.0,1.0,1.0,1.0,0.7843969376875997,0.8130967468915008
817,1,1.0,1.0,0.9333333333333333,1.0,1.0,1.0,1.0,0.7844078164066592,0.8260250505701375
818,1,1.0,1.0,0.9166666666666666,1.0,1.0,1.0,1.0,0.7844077926651007,0.7984637329913693
819,1,1.0,1.0,0.9666666666666667,1.0,1.0,1.0,1.0,0.7844078651526947,0.8101472490326634
820,1,1.0,1.0,0.9833333333333333,1.0,1.0,1.0,1.0,0.7842909807356432,0.8244743786508092
821,1,1.0,1.0,0.95,1.0,1.0,1.0,1.0,0.7844078628355687,0.8102028939938469
822,1,1.0,1.0,0.9833333333333333,1.0,1.0,1.0,0.9999999,0.7844076359171716,0.7931772200862625
823,1,1.0,1.0,0.95,1.0,1.0,1.0,1.0,0.7844032065995279,0.7895041808302363
824,1,1.0,1.0,0.9,1.0,1.0,1.0,1.0,0.7844053559104261,0.7770468551329724
825,1,1.0,0.7833333333333333,0.9166666666666666,1.0,0.0,1.0,1.0,0.7844076579260324,0.7282674836756426
826,1,1.0,0.7833333333333333,0.8333333333333334,1.0,0.0,1.0,0.999992,0.7844076242364189,0.707948350291171
827,1,1.0,1.0,0.9666666666666667,1.0,1.0,1.0,0.999998,0.7844070441608797,0.7942840921997715
828,1,1.0,1.0,0.95,1.0,1.0,1.0,1.0,0.7844078744144105,0.7676193888368669
829,1,1.0,1.0,0.9,1.0,1.0,1.0,0.999998,0.7844078760539542,0.7559312730925503
830,1,1.0,1.0,0.95,1.0,1.0,1.0,0.9999993,0.7844073954179382,0.78417838651884
831,1,1.0,1.0,0.9166666666666666,1.0,0.0,1.0,1.0,0.7844078761511242,0.7381058139645915
832,1,1.0,1.0,1.0,1.0,1.0,1.0,0.99997437,0.7844078751865614,0.7789153009940937
833,1,1.0,1.0,0.9666666666666667,1.0,1.0,1.0,1.0,0.7844078728364561,0.7841716831438946
834,1,1.0,1.0,0.9666666666666667,1.0,1.0,1.0,0.99997437,0.7844075873108814,0.7732825230367041
835,1,1.0,1.0,0.9833333333333333,1.0,1.0,1.0,0.9999989,0.7844012164674115,0.813407065160146
836,1,1.0,1.0,0.9333333333333333,1.0,1.0,1.0,1.0,0.7844077044504094,0.7982929639374404
837,1,1.0,1.0,1.0,1.0,1.0,1.0,1.0,0.7844078758446097,0.7928245736676783
838,1,1.0,1.0,0.9166666666666666,1.0,1.0,1.0,0.98377997,0.7844078755811122,0.77314627696855
839,1,1.0,1.0,0.95,1.0,0.0,1.0,1.0,0.7844078757495228,0.7399755333367016
840,1,1.0,1.0,1.0,1.0,1.0,1.0,1.0,0.7844078762615857,0.7625363121413854
841,1,1.0,1.0,0.9166666666666666,1.0,1.0,1.0,1.0,0.7844078168310393,0.7727752206848952
842,1,1.0,1.0,0.9166666666666666,1.0,1.0,1.0,1.0,0.7844077673968249,0.7686913713621855
843,1,1.0,1.0,0.9166666666666666,1.0,1.0,1.0,1.0,0.7844068222920801,0.765740419641361
844,1,1.0,1.0,0.95,1.0,1.0,1.0,1.0,0.7844076384404618,0.7999867446442824
845,1,1.0,1.0,0.9666666666666667,1.0,1.0,1.0,0.9999968,0.7844069479831604,0.794498900664974
846,1,1.0,1.0,0.95,1.0,1.0,1.0,1.0,0.7844078724453717,0.7717717915880994
847,1,0.0,1.0,0.9333333333333333,1.0,0.0,0.0,0.33733845,0.7844075517681912,0.7844059486035156
848,1,1.0,1.0,0.9666666666666667,1.0,1.0,1.0,1.0,0.784357247108684,0.7837109353525071
849,1,1.0,1.0,1.0,1.0,1.0,1.0,0.99999905,0.7844078762442168,0.8336620093608504
850,1,1.0,1.0,0.9666666666666667,1.0,1.0,1.0,1.0,0.7844047536119423,0.8240680257924043
851,1,1.0,1.0,0.8833333333333333,1.0,1.0,1.0,1.0,0.7844078762830763,0.7704743855177136
852,1,1.0,1.0,0.9833333333333333,1.0,1.0,1.0,1.0,0.7844078762805645,0.7673842579504774
853,1,1.0,1.0,0.9,1.0,1.0,1.0,1.0,0.7844078762853951,0.795630054140236
854,1,1.0,1.0,0.95,1.0,1.0,1.0,1.0,0.7844070661511594,0.7916806955742052
855,1,1.0,1.0,1.0,1.0,1.0,1.0,1.0,0.7844078762748364,0.7897253362352747
856,1,1.0,1.0,0.9333333333333333,1.0,1.0,1.0,1.0,0.7844078762838651,0.7691490184997178
857,1,1.0,1.0,0.9666666666666667,1.0,1.0,1.0,0.9999784,0.7844078762557416,0.7949999554794404
858,1,1.0,1.0,0.9666666666666667,1.0,1.0,1.0,1.0,0.7844078742094224,0.7944159652667675
859,1,1.0,1.0,1.0,1.0,1.0,1.0,1.0,0.7844078762854647,0.7948096969348518
860,1,1.0,1.0,0.9833333333333333,1.0,1.0,1.0,0.9999341,0.7844077531646109,0.7856976407845785
861,1,1.0,1.0,0.9666666666666667,1.0,1.0,1.0,1.0,0.7844078758212275,0.7911684628148342
862,1,1.0,1.0,0.9333333333333333,1.0,1.0,1.0,1.0,0.7844078582514489,0.788448800995855
863,1,1.0,1.0,0.9666666666666667,1.0,0.0,1.0,1.0,0.7844078757119469,0.7439575136759848
864,1,1.0,1.0,0.95,1.0,1.0,1.0,1.0,0.7844077747252765,0.7729643720247714
865,1,1.0,1.0,0.9166666666666666,1.0,1.0,1.0,1.0,0.7844078762824401,0.7756790352626862
866,1,1.0,1.0,0.95,1.0,1.0,1.0,1.0,0.7844078761888659,0.8091705235610344
867,1,1.0,1.0,0.9166666666666666,1.0,0.0,1.0,0.99989784,0.78440787622613,0.7355075154463809
868,1,1.0,1.0,0.9333333333333333,1.0,1.0,1.0,1.0,0.7844078762800699,0.7785118661738458
869,1,1.0,1.0,0.9333333333333333,1.0,1.0,1.0,1.0,0.7844078762850647,0.7584508622465472
870,1,1.0,1.0,0.9,1.0,1.0,1.0,1.0,0.784407846868252,0.7989599163245416
871,1,1.0,1.0,0.9666666666666667,1.0,1.0,1.0,1.0,0.7844078513239027,0.7978894726874556
872,1,1.0,1.0,0.9666666666666667,1.0,1.0,1.0,0.9999999,0.784407876256006,0.7743656828878008
873,1,1.0,1.0,0.95,1.0,1.0,1.0,0.99999166,0.7842359808781733,0.7602581759471664
874,1,1.0,1.0,0.9166666666666666,1.0,1.0,1.0,1.0,0.7844078735347699,0.7739662671979735
875,1,1.0,1.0,0.95,1.0,1.0,1.0,1.0,0.7844078747273825,0.7767089045272333
876,1,1.0,1.0,0.95,1.0,1.0,1.0,1.0,0.784407876284421,0.7844516364889369
877,1,1.0,1.0,0.9666666666666667,1.0,1.0,1.0,0.99999964,0.7844078755638085,0.7648826690038908
878,1,1.0,1.0,0.95,1.0,1.0,1.0,0.99999976,0.7844014181991343,0.8032582224909446
879,1,1.0,1.0,0.9833333333333333,1.0,1.0,1.0,0.9999664,0.7844064856726802,0.7896010425549013
880,1,1.0,0.7833333333333333,0.8833333333333333,1.0,0.0,1.0,1.0,0.7844073037868462,0.7013829196871619
881,0,1.0,0.0,0.5,1.0,0.0,0.0,1.6079107e-11,0.7844078639004093,0.478167568120732
882,0,1.0,0.0,0.5166666666666667,1.0,0.0,0.0,5.8067307e-08,0.7844078762854466,0.4858367169123176
883,0,1.0,0.0,0.5833333333333334,1.0,0.0,0.0,1.5938884e-12,0.7844078762660839,0.41836861361448663
884,0,1.0,0.0,0.35,0.0,0.0,0.0,0.008706502,0.7844078762782025,0.5641016818646687
885,0,1.0,0.0,0.5333333333333333,1.0,0.0,0.0,2.0980283e-10,0.7844078762848705,0.470530281044457
886,0,1.0,0.0,0.5833333333333334,1.0,0.0,0.0,2.3151924e-07,0.7844078762847427,0.45446024253929757
887,0,1.0,0.0,0.5333333333333333,1.0,0.0,0.0,8.2965766e-11,0.7844078762850927,0.473095672557913
888,0,1.0,0.0,0.5666666666666667,1.0,0.0,0.0,0.00013656191,0.7844078724214187,0.44821334538616714
889,0,1.0,0.0,0.5333333333333333,1.0,0.0,0.0,3.349486e-07,0.7844078762854644,0.47529209935798694
890,0,1.0,0.0,0.4666666666666667,0.0,0.0,0.0,4.627756e-06,0.7844078744711873,0.53134097132999
891,0,1.0,0.0,0.5166666666666667,1.0,0.0,0.0,1.7437105e-22,0.7844078752746628,0.48363105503766274
892,0,1.0,0.0,0.45,0.0,0.0,0.0,2.3151924e-07,0.7844078762410011,0.5220330591874498
893,0,1.0,0.0,0.5,1.0,0.0,0.0,1.4193037e-15,0.7844078762853487,0.46938439057670706
894,0,1.0,0.0,0.5333333333333333,1.0,0.0,0.0,6.6039424e-11,0.7844078762846544,0.4544551953821821
895,0,1.0,0.0,0.48333333333333334,0.0,0.0,0.0,1.4929108e-12,0.7844078762852629,0.5100038151101282
896,0,1.0,0.38333333333333336,0.8,0.0,0.0,0.0,1.8165634e-08,0.7844078652730604,0.6084373338075985
897,1,1.0,1.0,0.95,1.0,1.0,1.0,0.99596596,0.7844078762840258,0.7979691353317063
898,1,1.0,1.0,0.9166666666666666,1.0,1.0,1.0,1.0,0.7844078761039893,0.8577132013779554
899,1,1.0,1.0,0.95,1.0,1.0,1.0,1.0,0.7844078747111378,0.7965297485180344
900,1,1.0,1.0,0.95,1.0,1.0,1.0,1.0,0.784406953773719,0.818366108246663
901,1,1.0,1.0,0.9666666666666667,1.0,1.0,1.0,0.9999572,0.7844069486234926,0.7974741716317142
902,1,1.0,1.0,0.95,1.0,1.0,1.0,1.0,0.7844078507881865,0.8089607426437901
903,1,1.0,1.0,0.9666666666666667,1.0,1.0,1.0,0.99999774,0.784407869907896,0.8395995511879198
904,1,1.0,1.0,0.9333333333333333,1.0,1.0,1.0,1.0,0.7844077105272028,0.8001767290953211
905,0,1.0,0.25,0.7,0.0,0.0,0.0,6.9836666e-13,0.7844078762787625,0.556629644886673
906,1,1.0,0.9666666666666667,0.95,1.0,1.0,1.0,1.0,0.7844078762854216,0.7805674761606443
907,1,1.0,1.0,0.9833333333333333,1.0,1.0,1.0,1.0,0.784407876284433,0.7758019232577117
908,1,1.0,1.0,0.9,1.0,1.0,1.0,1.0,0.7844078762500641,0.7644133149902
909,1,1.0,1.0,0.9666666666666667,1.0,1.0,1.0,1.0,0.7844078716817598,0.8102115866012483
910,1,1.0,1.0,0.9666666666666667,1.0,1.0,1.0,1.0,0.7842837177019926,0.8360199091591486
911,1,1.0,1.0,0.9333333333333333,1.0,1.0,1.0,0.999992,0.78440633004431,0.8325276317051475
912,1,1.0,1.0,0.9333333333333333,1.0,1.0,1.0,0.9999999,0.7844078710301037,0.8025881536029278
913,1,1.0,1.0,0.9666666666666667,1.0,1.0,1.0,1.0,0.7816243605881438,0.8192420726130568
914,1,1.0,1.0,0.95,1.0,1.0,1.0,0.99965096,0.7844077391778731,0.7797920945469868
915,1,1.0,1.0,0.95,1.0,1.0,1.0,1.0,0.7844071925944609,0.7622745343874346
916,1,1.0,1.0,0.9333333333333333,1.0,1.0,1.0,1.0,0.7844078760801378,0.805253816672147
917,1,1.0,1.0,0.9666666666666667,1.0,1.0,1.0,0.9999999,0.7844075168421992,0.7663047314853312
918,1,1.0,1.0,0.9666666666666667,1.0,1.0,1.0,0.9947771,0.7844068395910486,0.8295052163722417
919,1,1.0,1.0,0.9666666666666667,1.0,1.0,1.0,0.99999154,0.7842339581769231,0.7910032748147249
920,1,1.0,1.0,0.95,1.0,1.0,1.0,0.99999714,0.7844066653841828,0.7834568303277696
921,1,1.0,1.0,0.9833333333333333,1.0,1.0,1.0,1.0,0.7844073353206901,0.7911577158491593
922,1,1.0,1.0,0.9,1.0,1.0,1.0,1.0,0.784407874468292,0.7492198359116108
923,1,1.0,1.0,0.9666666666666667,1.0,1.0,1.0,0.9962205,0.7843957135555409,0.7804797312355877
924,1,1.0,1.0,0.9833333333333333,1.0,1.0,1.0,1.0,0.7844070021323476,0.814649166924191
925,1,1.0,1.0,0.9333333333333333,1.0,1.0,1.0,1.0,0.7844077739648263,0.7934412431858697
926,1,1.0,1.0,0.9166666666666666,1.0,1.0,1.0,1.0,0.7844078706227352,0.7873800276511944
927,0,1.0,0.2833333333333333,0.6833333333333333,0.0,0.0,0.0,1.1691604e-12,0.7844078721655621,0.5662158304112477
928,0,1.0,0.0,0.6,1.0,0.0,0.0,3.6865764e-09,0.7844078762730216,0.4417329909487014
929,1,1.0,1.0,0.95,1.0,1.0,1.0,0.9999999,0.7844078762853874,0.8157553090586432
930,1,1.0,1.0,0.9333333333333333,1.0,1.0,1.0,1.0,0.7844078731426867,0.8012310201243351
931,1,1.0,1.0,0.95,1.0,1.0,1.0,1.0,0.7844078759446718,0.8073825862696112
932,1,1.0,1.0,0.9666666666666667,1.0,1.0,1.0,1.0,0.784407876279298,0.8252063960307197
933,1,1.0,1.0,0.9166666666666666,1.0,1.0,1.0,1.0,0.7844078750280563,0.8152608717583545
934,1,1.0,1.0,0.9833333333333333,1.0,1.0,1.0,1.0,0.7844062197505483,0.8041757299753577
935,1,1.0,1.0,0.95,1.0,1.0,1.0,1.0,0.7844078372847935,0.7876465662627301
936,1,1.0,1.0,0.9166666666666666,1.0,0.0,1.0,0.99596596,0.7844072904636061,0.7516719064662699
937,1,1.0,1.0,0.9666666666666667,1.0,1.0,1.0,0.9998754,0.7844077101372016,0.787485587189945
938,1,1.0,1.0,0.9666666666666667,1.0,1.0,1.0,1.0,0.7844056113928217,0.7968101488857737
939,1,1.0,1.0,0.9833333333333333,1.0,1.0,1.0,1.0,0.7843911910033844,0.8376036666674984
940,1,1.0,1.0,0.9,1.0,1.0,1.0,0.9644269,0.7844077895221153,0.8002536561902002
941,1,1.0,1.0,0.9166666666666666,1.0,1.0,1.0,1.0,0.7844078631043041,0.793110479513158
942,1,1.0,1.0,0.9333333333333333,1.0,1.0,1.0,1.0,0.7844053625621042,0.8196170842399186
943,1,1.0,1.0,0.9166666666666666,1.0,1.0,1.0,1.0,0.7844078760806131,0.8266937300554502
944,1,1.0,1.0,0.95,1.0,1.0,1.0,1.0,0.7844078760785241,0.7952988233940087
945,1,1.0,1.0,0.9666666666666667,1.0,1.0,1.0,0.9999877,0.7844083665320322,0.7937190522833879
946,1,1.0,1.0,0.95,1.0,1.0,1.0,0.9999964,0.7844078762980635,0.7897405499890565
947,1,1.0,1.0,0.95,1.0,1.0,1.0,1.0,0.7844078775096814,0.7901077706490296
948,1,1.0,1.0,0.9166666666666666,1.0,1.0,1.0,0.9999976,0.7844078679519391,0.7552457059959067
949,1,1.0,1.0,0.9833333333333333,1.0,1.0,1.0,1.0,0.7844078370477999,0.8093131725371536
950,1,1.0,1.0,0.95,1.0,1.0,1.0,1.0,0.7844077899962145,0.7830733940619979
951,1,1.0,1.0,0.95,1.0,0.0,0.0,0.70264256,0.7843453738359206,0.8231329536899159
952,1,1.0,1.0,0.9833333333333333,1.0,1.0,1.0,0.99999964,0.7844078093061012,0.8364593502495443
953,1,1.0,1.0,0.9166666666666666,1.0,1.0,1.0,1.0,0.7844078241411164,0.7976326728029927
954,1,1.0,1.0,0.9333333333333333,1.0,1.0,1.0,1.0,0.7844078236937765,0.8091103783905244
955,1,1.0,1.0,0.9166666666666666,1.0,1.0,1.0,1.0,0.7844078603215235,0.8044709094862328
956,1,1.0,1.0,0.9833333333333333,1.0,1.0,1.0,0.9999999,0.7844076000292385,0.8274440405656259
957,1,1.0,1.0,0.9333333333333333,1.0,1.0,1.0,1.0,0.7844011188924608,0.7807597579085319
958,1,1.0,1.0,0.9,1.0,1.0,1.0,1.0,0.7844069310332888,0.7767681107051735
959,1,1.0,1.0,0.95,1.0,1.0,1.0,1.0,0.7844070414779694,0.7572658213472938
960,1,1.0,1.0,0.9666666666666667,1.0,1.0,1.0,1.0,0.7844076579023898,0.8415792592957769
961,1,1.0,1.0,0.9833333333333333,1.0,1.0,1.0,0.9999548,0.7843678520374938,0.8534426157781233
962,1,1.0,1.0,0.95,1.0,1.0,1.0,0.9999964,0.7843703725193367,0.788890970113709
963,1,1.0,1.0,0.9833333333333333,1.0,1.0,1.0,1.0,0.7843955888692643,0.8227070630219339
964,1,1.0,1.0,0.85,1.0,1.0,1.0,1.0,0.7844077797946851,0.8141002322719502
965,1,1.0,1.0,0.9333333333333333,1.0,1.0,1.0,1.0,0.784406879435936,0.8087262204557516
966,1,1.0,1.0,0.95,1.0,1.0,1.0,1.0,0.7844066639102876,0.8489770788707852
967,1,1.0,1.0,0.9166666666666666,1.0,1.0,1.0,1.0,0.7844077900072779,0.7898100071382886
968,1,1.0,0.7666666666666667,0.7666666666666667,1.0,0.0,1.0,1.0,0.784407295273687,0.7315696092557856
969,1,1.0,1.0,0.9166666666666666,1.0,1.0,1.0,0.99999404,0.7844052571808653,0.8129729355071882
970,1,1.0,1.0,1.0,1.0,1.0,1.0,0.9999999,0.7844068449287394,0.8515861463338366
971,1,1.0,1.0,0.9166666666666666,1.0,0.0,1.0,0.99999726,0.7844075733147179,0.7473284113502859
972,1,1.0,1.0,0.9166666666666666,1.0,1.0,1.0,1.0,0.7843987294901803,0.7975667302378253
973,1,1.0,1.0,0.9333333333333333,1.0,1.0,1.0,1.0,0.784384529462934,0.7810195500953476
974,1,1.0,1.0,0.95,1.0,1.0,1.0,0.9999999,0.7843695158039237,0.803092836273155
975,1,1.0,1.0,0.9833333333333333,1.0,1.0,1.0,0.9999999,0.7844030374185191,0.7743488048595453
976,1,1.0,1.0,0.9666666666666667,1.0,1.0,1.0,1.0,0.7844078609887201,0.8333411566370804
977,1,1.0,1.0,0.9166666666666666,1.0,1.0,1.0,0.99999976,0.7844078756151658,0.8240239861068177
978,1,1.0,1.0,0.9166666666666666,1.0,1.0,1.0,1.0,0.7844078707150176,0.8114972060891447
979,1,1.0,1.0,0.9333333333333333,1.0,1.0,1.0,0.99951136,0.7844077578901778,0.8025983671695059
980,1,1.0,1.0,0.9666666666666667,1.0,1.0,1.0,1.0,0.7844047963998576,0.8115717965584821
981,1,1.0,1.0,0.9833333333333333,1.0,1.0,1.0,1.0,0.7844077660809347,0.8064847282940494
982,1,1.0,1.0,0.9833333333333333,1.0,1.0,1.0,0.999998,0.7844073742640228,0.801148514844716
983,1,1.0,1.0,0.9666666666666667,1.0,1.0,1.0,1.0,0.7844078578360175,0.801795660846209
984,1,1.0,1.0,0.9166666666666666,1.0,1.0,1.0,1.0,0.7844078480946134,0.7935253023600396
985,1,1.0,1.0,0.9666666666666667,1.0,1.0,1.0,0.99999976,0.7844078581760368,0.8337425404748462
986,1,1.0,1.0,0.9666666666666667,1.0,1.0,1.0,0.99999976,0.7844056501516649,0.8509522355848258
987,1,1.0,1.0,0.8666666666666667,1.0,1.0,1.0,1.0,0.7844078345586759,0.7880188180145833
988,1,1.0,1.0,0.9666666666666667,1.0,1.0,1.0,0.99999905,0.7844038957411862,0.7979517155034508
989,1,1.0,1.0,0.9666666666666667,1.0,1.0,1.0,1.0,0.7843890112956303,0.7910154424514334
990,1,1.0,1.0,0.9666666666666667,1.0,1.0,1.0,1.0,0.7844063600462191,0.8274331046686522
991,1,1.0,1.0,0.9333333333333333,1.0,1.0,1.0,1.0,0.7843846395709607,0.782061598895255
992,1,1.0,1.0,0.9666666666666667,1.0,1.0,1.0,1.0,0.7844078373402771,0.8177366673494635
993,1,1.0,1.0,0.9666666666666667,1.0,1.0,1.0,1.0,0.7843842488169722,0.8331766693952753
994,1,1.0,1.0,0.9333333333333333,1.0,1.0,1.0,0.99924016,0.7844076452417407,0.8121984371872426
995,1,1.0,1.0,0.9166666666666666,1.0,1.0,1.0,0.99999976,0.7844078717858797,0.7714686656124597
996,1,1.0,1.0,0.95,1.0,1.0,1.0,1.0,0.784407858395344,0.7923116833061723
997,1,1.0,1.0,0.95,1.0,1.0,1.0,0.99999976,0.7844077531689113,0.7573717838242775
998,1,1.0,1.0,0.9833333333333333,1.0,1.0,1.0,1.0,0.7844078644805662,0.8080125304648594
999,1,1.0,1.0,0.9166666666666666,1.0,0.0,1.0,1.0,0.784407868976653,0.7414345970953424
1000,1,1.0,1.0,0.9333333333333333,1.0,1.0,1.0,0.99999976,0.7844076685790516,0.7801443913028775
1001,1,1.0,1.0,0.95,1.0,1.0,1.0,1.0,0.7844075531970116,0.809272860158812
1002,1,1.0,1.0,0.9166666666666666,1.0,1.0,1.0,1.0,0.7844078514020947,0.7886437989921632
1003,1,1.0,1.0,0.9666666666666667,1.0,1.0,1.0,1.0,0.7844021535453821,0.8120808115451765
1004,1,1.0,1.0,0.95,1.0,1.0,1.0,0.999949,0.7844078717899994,0.8084218034877391
1005,1,1.0,1.0,0.9833333333333333,1.0,1.0,1.0,0.99999905,0.784406047777461,0.8111460923781821
1006,1,1.0,1.0,0.9666666666666667,1.0,1.0,1.0,0.99999785,0.7844049979253412,0.782724926283509
1007,1,1.0,1.0,0.9166666666666666,1.0,1.0,1.0,0.9999994,0.7844071706926602,0.7828115469355975
